n_words,n_sents,wps,ttr,avg_wlen,filler_rate,rep_rate,err_rate,gram_err_rate,wpm,mean_gap,long_pauses
100,6,16.666666666666668,0.57,4.24,0.09,0.0,1.0,0.0,100.77258985555929,0.0,0
163,6,27.166666666666668,0.6503067484662577,4.552147239263804,0.006134969325153374,0.0,0.6134969325153374,0.6134969325153374,135.45706371191136,0.0,0
65,8,8.125,0.5846153846153846,4.246153846153846,0.015384615384615385,0.015384615384615385,9.230769230769232,1.5384615384615385,70.49891540130152,0.0,0
89,6,14.833333333333334,0.7528089887640449,5.112359550561798,0.0,0.0,0.0,0.0,89.92926911417985,1.211999999999999,1
123,6,20.5,0.5365853658536586,3.6504065040650406,0.056910569105691054,0.0,2.4390243902439024,1.6260162601626018,129.47368421052633,0.2857142857142857,1
144,10,14.4,0.5902777777777778,3.888888888888889,0.013888888888888888,0.0,1.3888888888888888,1.3888888888888888,143.47392892726668,0.3039999999999994,0
77,3,25.666666666666668,0.5844155844155844,3.8051948051948052,0.0,0.0,1.2987012987012987,1.2987012987012987,102.30292294065545,0.0,0
99,12,8.25,0.5959595959595959,4.212121212121212,0.030303030303030304,0.0,6.0606060606060606,4.040404040404041,97.37704918032787,0.7383333333333333,4
64,6,10.666666666666666,0.78125,4.171875,0.0,0.0,0.0,0.0,94.11764705882354,0.0,0
51,3,17.0,0.8627450980392157,5.078431372549019,0.0,0.0196078431372549,3.9215686274509802,0.0,51.307847082494966,0.544999999999999,1
70,3,23.333333333333332,0.5571428571428572,4.171428571428572,0.0,0.0,0.0,0.0,93.41637010676156,0.4599999999999973,0
101,6,16.833333333333332,0.5346534653465347,3.8415841584158414,0.06930693069306931,0.0,2.9702970297029703,2.9702970297029703,133.71579876434245,0.22285714285714242,0
66,5,13.2,0.803030303030303,4.909090909090909,0.0,0.0,3.0303030303030303,1.5151515151515151,64.11917098445596,0.0,0
80,5,16.0,0.525,4.225,0.075,0.0,3.75,1.25,80.13355592654423,-2.3684757858670005e-15,0
89,7,12.714285714285714,0.6067415730337079,4.292134831460674,0.02247191011235955,0.011235955056179775,4.49438202247191,4.49438202247191,88.64541832669323,0.0,0
75,5,15.0,0.64,3.8133333333333335,0.05333333333333334,0.0,1.3333333333333335,1.3333333333333335,180.0,0.0,0
87,5,17.4,0.632183908045977,4.459770114942529,0.011494252873563218,0.0,3.4482758620689653,2.2988505747126435,111.06382978723404,0.0,0
120,9,13.333333333333334,0.5583333333333333,4.158333333333333,0.016666666666666666,0.025,0.0,0.0,120.0,0.0,0
111,9,12.333333333333334,0.7837837837837838,5.054054054054054,0.0,0.0,1.8018018018018018,0.0,144.7826086956522,0.0,0
75,6,12.5,0.56,4.226666666666667,0.02666666666666667,0.0,1.3333333333333335,1.3333333333333335,100.2227171492205,0.0,0
98,3,32.666666666666664,0.6224489795918368,4.479591836734694,0.0,0.0,0.0,0.0,144.82758620689654,0.0,0
61,4,15.25,0.6721311475409836,4.311475409836065,0.0,0.0,1.639344262295082,1.639344262295082,40.67570571238053,3.111999999999999,1
86,6,14.333333333333334,0.5697674418604651,3.895348837209302,0.023255813953488372,0.0,2.3255813953488373,2.3255813953488373,117.59343664539655,0.0,0
94,6,15.666666666666666,0.723404255319149,4.957446808510638,0.0,0.0,2.127659574468085,1.0638297872340425,93.93737508327781,0.4359999999999985,1
87,7,12.428571428571429,0.5862068965517241,3.8735632183908044,0.011494252873563218,0.0,3.4482758620689653,3.4482758620689653,116.05157847932414,0.0,0
76,1,76.0,0.5,3.776315789473684,0.0,0.0,6.578947368421052,5.263157894736842,126.66666666666667,0.019999999999999574,0
101,3,33.666666666666664,0.5148514851485149,4.148514851485149,0.04950495049504951,0.009900990099009901,0.9900990099009901,0.9900990099009901,143.3301797540208,0.0,0
141,9,15.666666666666666,0.6737588652482269,4.297872340425532,0.028368794326241134,0.0,2.127659574468085,2.127659574468085,140.81225033288948,0.29249999999999954,2
75,5,15.0,0.64,4.28,0.013333333333333334,0.0,4.0,4.0,102.13345438039038,0.0,0
95,6,15.833333333333334,0.8210526315789474,5.515789473684211,0.0,0.0,2.1052631578947367,0.0,127.68817204301075,0.0,0
161,6,26.833333333333332,0.639751552795031,4.559006211180124,0.012422360248447204,0.0,1.2422360248447204,0.6211180124223602,160.83916083916085,0.0,0
89,7,12.714285714285714,0.5280898876404494,3.9775280898876404,0.0,0.011235955056179775,0.0,0.0,88.82235528942115,0.1371428571428583,0
88,4,22.0,0.4431818181818182,3.977272727272727,0.03409090909090909,0.0,2.272727272727273,2.272727272727273,117.38550466874165,0.0,0
139,11,12.636363636363637,0.7050359712230215,4.9352517985611515,0.007194244604316547,0.0,0.7194244604316548,0.7194244604316548,95.88411128995172,0.0,0
88,5,17.6,0.7727272727272727,4.909090909090909,0.011363636363636364,0.0,0.0,0.0,116.8141592920354,0.36666666666666475,1
102,5,20.4,0.5294117647058824,4.196078431372549,0.00980392156862745,0.0,1.9607843137254901,0.9803921568627451,102.0,0.4,1
107,9,11.88888888888889,0.6261682242990654,4.355140186915888,0.056074766355140186,0.0,0.9345794392523363,0.9345794392523363,71.34918870860191,0.7074999999999991,1
95,6,15.833333333333334,0.5578947368421052,3.357894736842105,0.031578947368421054,0.0,0.0,0.0,115.10500807754443,0.0,0
126,10,12.6,0.6507936507936508,4.968253968253968,0.023809523809523808,0.0,0.7936507936507936,0.7936507936507936,125.58139534883719,0.0,0
70,8,8.75,0.6571428571428571,4.285714285714286,0.014285714285714285,0.02857142857142857,7.142857142857142,5.714285714285714,92.10526315789473,0.0,0
81,8,10.125,0.5308641975308642,4.518518518518518,0.06172839506172839,0.0,4.938271604938271,4.938271604938271,108.38537020517396,0.5733333333333329,0
143,10,14.3,0.6013986013986014,4.251748251748252,0.013986013986013986,0.0,1.3986013986013985,0.6993006993006993,152.39786856127887,0.0,0
75,5,15.0,0.6533333333333333,4.586666666666667,0.0,0.0,1.3333333333333335,1.3333333333333335,107.3473282442748,0.4700000000000024,0
80,3,26.666666666666668,0.5875,4.4,0.0875,0.0,5.0,3.75,108.94235133908306,0.25,0
121,9,13.444444444444445,0.5950413223140496,4.56198347107438,0.04132231404958678,0.0,1.6528925619834711,0.8264462809917356,121.08072048032022,0.0,0
75,4,18.75,0.6,4.333333333333333,0.0,0.013333333333333334,4.0,4.0,77.4260151410874,-2.3684757858670005e-15,0
81,8,10.125,0.5432098765432098,4.432098765432099,0.012345679012345678,0.0,3.7037037037037033,2.4691358024691357,125.71132953957579,0.125,0
90,1,90.0,0.5888888888888889,3.7555555555555555,0.011111111111111112,0.0,0.0,0.0,119.89342806394316,0.0,0
78,3,26.0,0.6025641025641025,4.294871794871795,0.0641025641025641,0.01282051282051282,2.564102564102564,2.564102564102564,99.5321139940451,0.0,0
155,12,12.916666666666666,0.6064516129032258,4.329032258064516,0.012903225806451613,0.0,0.6451612903225806,0.6451612903225806,186.89710610932474,0.40000000000000047,0
86,9,9.555555555555555,0.6046511627906976,4.244186046511628,0.011627906976744186,0.0,2.3255813953488373,2.3255813953488373,114.66666666666667,0.47333333333333333,1
82,7,11.714285714285714,0.5365853658536586,4.158536585365853,0.06097560975609756,0.0,0.0,0.0,110.11638316920323,0.0,0
68,6,11.333333333333334,0.5882352941176471,3.573529411764706,0.014705882352941176,0.0,1.4705882352941175,1.4705882352941175,90.02647837599294,0.0,0
62,3,20.666666666666668,0.7741935483870968,4.919354838709677,0.0,0.0,0.0,0.0,80.93994778067885,0.16000000000000014,0
133,8,16.625,0.37593984962406013,3.954887218045113,0.007518796992481203,0.0,4.511278195488721,3.7593984962406015,131.20683985531073,0.17142857142857185,0
53,3,17.666666666666668,0.7169811320754716,4.377358490566038,0.0,0.0,9.433962264150944,1.8867924528301887,54.90331491712707,0.0,0
171,11,15.545454545454545,0.543859649122807,3.760233918128655,0.04678362573099415,0.011695906432748537,0.5847953216374269,0.0,116.61741304842009,0.39250000000000007,1
86,4,21.5,0.6046511627906976,4.627906976744186,0.011627906976744186,0.0,2.3255813953488373,2.3255813953488373,114.61572634384719,0.0,0
101,12,8.416666666666666,0.4752475247524752,4.0495049504950495,0.04950495049504951,0.0,5.9405940594059405,3.9603960396039604,135.4492624050067,0.4560000000000016,0
112,5,22.4,0.5714285714285714,3.8392857142857144,0.03571428571428571,0.0,2.6785714285714284,2.6785714285714284,156.8627450980392,0.15600000000000022,0
79,5,15.8,0.6582278481012658,5.139240506329114,0.02531645569620253,0.0,0.0,0.0,105.47396528704941,0.6400000000000006,1
76,3,25.333333333333332,0.631578947368421,4.2368421052631575,0.05263157894736842,0.013157894736842105,3.9473684210526314,3.9473684210526314,101.19840213049267,-1.7763568394002505e-15,0
121,4,30.25,0.48760330578512395,3.975206611570248,0.008264462809917356,0.0,0.8264462809917356,0.8264462809917356,127.77191129883843,0.0,0
107,4,26.75,0.5887850467289719,4.102803738317757,0.06542056074766354,0.0,2.803738317757009,2.803738317757009,139.14174252275683,0.0,0
117,3,39.0,0.5726495726495726,4.196581196581197,0.0,0.0,2.564102564102564,2.564102564102564,162.80148423005562,0.0,0
80,7,11.428571428571429,0.65,4.4,0.075,0.0,5.0,3.75,108.30324909747291,0.0,0
115,10,11.5,0.6608695652173913,4.582608695652174,0.008695652173913044,0.0,1.7391304347826086,1.7391304347826086,115.07671781187459,-2.3684757858670005e-15,0
101,2,50.5,0.4158415841584158,3.287128712871287,0.039603960396039604,0.0,6.9306930693069315,5.9405940594059405,102.71186440677967,0.6799999999999997,1
67,2,33.5,0.5522388059701493,3.9402985074626864,0.04477611940298507,0.0,4.477611940298507,1.4925373134328357,73.97865292602135,0.0,0
91,4,22.75,0.43956043956043955,4.351648351648351,0.0,0.0,3.296703296703297,3.296703296703297,156.0,0.0,0
74,5,14.8,0.5405405405405406,3.635135135135135,0.0,0.0,0.0,0.0,74.496644295302,0.004999999999999893,0
80,4,20.0,0.6,3.7375,0.0125,0.0,0.0,0.0,110.80332409972299,0.0,0
81,2,40.5,0.5432098765432098,3.9753086419753085,0.037037037037037035,0.012345679012345678,4.938271604938271,4.938271604938271,79.98683344305465,0.006666666666666525,0
78,6,13.0,0.6666666666666666,3.8333333333333335,0.0641025641025641,0.038461538461538464,5.128205128205128,3.8461538461538463,52.596089008766015,1.573333333333333,2
119,7,17.0,0.5462184873949579,4.159663865546219,0.008403361344537815,0.008403361344537815,7.563025210084033,4.201680672268908,118.92071952031979,-1.7763568394002505e-15,0
49,6,8.166666666666666,0.5306122448979592,3.4693877551020407,0.061224489795918366,0.061224489795918366,6.122448979591836,6.122448979591836,65.53722692822113,0.0,0
100,4,25.0,0.69,4.65,0.01,0.0,3.0,2.0,133.63028953229394,0.16000000000000086,0
126,7,18.0,0.6507936507936508,4.404761904761905,0.007936507936507936,0.0,0.7936507936507936,0.7936507936507936,132.95814280689413,0.0,0
96,7,13.714285714285714,0.6875,4.395833333333333,0.010416666666666666,0.010416666666666666,3.125,2.083333333333333,92.90322580645162,2.505,1
104,10,10.4,0.5,4.076923076923077,0.019230769230769232,0.0,7.6923076923076925,3.8461538461538463,138.66666666666666,0.004999999999999893,0
122,4,30.5,0.5327868852459017,4.245901639344262,0.06557377049180328,0.02459016393442623,0.819672131147541,0.819672131147541,123.64864864864863,0.08000000000000067,0
96,7,13.714285714285714,0.7291666666666666,4.71875,0.0,0.0,0.0,0.0,135.21126760563382,0.11666666666666714,0
120,6,20.0,0.5083333333333333,4.558333333333334,0.008333333333333333,0.0,10.0,2.5,119.00826446280992,0.0,0
72,6,12.0,0.6527777777777778,3.986111111111111,0.0,0.013888888888888888,2.7777777777777777,2.7777777777777777,75.23510971786833,0.0,0
142,13,10.923076923076923,0.4859154929577465,3.76056338028169,0.07042253521126761,0.0,7.042253521126761,7.042253521126761,137.5524701323862,0.12833333333333266,0
30,3,10.0,0.8333333333333334,4.033333333333333,0.0,0.0,3.3333333333333335,3.3333333333333335,40.90909090909091,2.0,1
106,5,21.2,0.6132075471698113,4.273584905660377,0.02830188679245283,0.0,2.8301886792452833,1.8867924528301887,108.75512995896032,0.0,0
99,6,16.5,0.5959595959595959,3.9797979797979797,0.0707070707070707,0.0,1.0101010101010102,1.0101010101010102,99.93270524899057,0.0,0
125,6,20.833333333333332,0.512,3.856,0.024,0.0,0.0,0.0,165.7092355280601,0.31599999999999967,0
141,5,28.2,0.6808510638297872,4.3120567375886525,0.028368794326241134,0.0,0.7092198581560284,0.7092198581560284,145.46079779917468,0.0,0
73,3,24.333333333333332,0.547945205479452,4.5479452054794525,0.0547945205479452,0.0136986301369863,2.73972602739726,2.73972602739726,96.26373626373626,1.2,1
74,1,74.0,0.6621621621621622,3.7162162162162162,0.02702702702702703,0.0,6.756756756756757,6.756756756756757,95.36082474226804,0.0,0
83,6,13.833333333333334,0.5542168674698795,4.156626506024097,0.024096385542168676,0.024096385542168676,4.819277108433735,4.819277108433735,122.05882352941178,0.46000000000000085,1
75,4,18.75,0.6533333333333333,3.8266666666666667,0.06666666666666667,0.04,5.333333333333334,4.0,76.76560900716478,2.3684757858670005e-15,0
141,8,17.625,0.624113475177305,4.170212765957447,0.0,0.0,0.0,0.0,145.86206896551724,0.0,0
84,7,12.0,0.6904761904761905,4.845238095238095,0.011904761904761904,0.0,2.380952380952381,0.0,83.8323353293413,0.0,0
87,7,12.428571428571429,0.6666666666666666,4.2298850574712645,0.05747126436781609,0.0,2.2988505747126435,1.1494252873563218,117.04035874439461,0.0,0
75,3,25.0,0.6,3.9066666666666667,0.06666666666666667,0.013333333333333334,4.0,4.0,108.2771896053898,0.0,0
92,5,18.4,0.5869565217391305,4.065217391304348,0.0,0.0,1.0869565217391304,1.0869565217391304,119.53226504980512,0.0,0
74,8,9.25,0.6216216216216216,4.283783783783784,0.0945945945945946,0.013513513513513514,1.3513513513513513,1.3513513513513513,100.0,0.0,0
137,5,27.4,0.5036496350364964,3.9854014598540144,0.072992700729927,0.0,2.9197080291970803,1.4598540145985401,137.0,0.06285714285714304,0
92,3,30.666666666666668,0.6304347826086957,4.076086956521739,0.05434782608695652,0.0,5.434782608695652,5.434782608695652,120.0,0.75,1
82,16,5.125,0.5121951219512195,3.9634146341463414,0.07317073170731707,0.07317073170731707,9.75609756097561,3.6585365853658534,88.93709327548807,0.006666666666666525,0
98,7,14.0,0.4489795918367347,3.3469387755102042,0.0,0.0,2.0408163265306123,2.0408163265306123,136.1111111111111,0.18000000000000113,0
131,10,13.1,0.5114503816793893,3.3587786259541983,0.07633587786259542,0.0,2.2900763358778624,2.2900763358778624,137.46065057712485,0.25,1
75,5,15.0,0.7066666666666667,3.973333333333333,0.02666666666666667,0.0,0.0,0.0,76.76560900716478,1.3866666666666656,2
103,7,14.714285714285714,0.5436893203883495,3.7184466019417477,0.04854368932038835,0.0,1.9417475728155338,1.9417475728155338,138.6271870794078,0.6899999999999977,1
41,4,10.25,0.7317073170731707,4.780487804878049,0.04878048780487805,0.0,2.4390243902439024,2.4390243902439024,106.95652173913044,0.0,0
87,3,29.0,0.5287356321839081,3.4827586206896552,0.034482758620689655,0.011494252873563218,4.597701149425287,4.597701149425287,125.30004800768124,0.0,0
59,6,9.833333333333334,0.6271186440677966,4.1525423728813555,0.05084745762711865,0.0,5.084745762711865,3.389830508474576,57.31865284974093,1.2199999999999989,1
101,9,11.222222222222221,0.6138613861386139,4.069306930693069,0.0594059405940594,0.0,0.9900990099009901,0.9900990099009901,137.78990450204637,0.26333333333333364,1
80,7,11.428571428571429,0.55,3.9875,0.05,0.025,0.0,0.0,106.7140951534015,0.0,0
83,3,27.666666666666668,0.6144578313253012,4.253012048192771,0.07228915662650602,0.0,3.614457831325301,3.614457831325301,110.66666666666667,0.0,0
87,5,17.4,0.5402298850574713,4.413793103448276,0.0,0.0,1.1494252873563218,1.1494252873563218,101.2412723041117,0.0,0
83,6,13.833333333333334,0.5542168674698795,3.6626506024096384,0.024096385542168676,0.0,7.228915662650602,6.024096385542169,93.0493273542601,0.0,0
84,3,28.0,0.6309523809523809,4.595238095238095,0.05952380952380952,0.0,8.333333333333332,8.333333333333332,112.0,0.0,0
67,9,7.444444444444445,0.6417910447761194,4.014925373134329,0.029850746268656716,0.014925373134328358,2.9850746268656714,0.0,67.56302521008404,1.4285714285714288,4
116,8,14.5,0.5172413793103449,4.620689655172414,0.008620689655172414,0.0,7.758620689655173,0.8620689655172413,114.85148514851484,0.0,0
104,10,10.4,0.6730769230769231,3.9711538461538463,0.028846153846153848,0.0,1.9230769230769231,1.9230769230769231,106.92254969156957,0.8133333333333326,2
82,5,16.4,0.3902439024390244,4.512195121951219,0.06097560975609756,0.036585365853658534,4.878048780487805,4.878048780487805,106.44742535698832,0.0,0
53,4,13.25,0.7735849056603774,3.6037735849056602,0.05660377358490566,0.0,3.7735849056603774,3.7735849056603774,51.77466623249756,-8.881784197001252e-16,0
95,3,31.666666666666668,0.6210526315789474,4.347368421052631,0.0,0.0,0.0,0.0,127.9748540637629,0.0,0
109,5,21.8,0.5045871559633027,4.146788990825688,0.009174311926605505,0.0,3.669724770642202,2.7522935779816518,152.732368052312,0.28999999999999915,0
81,4,20.25,0.5308641975308642,4.469135802469136,0.012345679012345678,0.0,14.814814814814813,1.2345679012345678,100.49627791563275,0.0,0
76,4,19.0,0.75,4.868421052631579,0.013157894736842105,0.0,0.0,0.0,102.19632451815329,0.3000000000000019,0
154,6,25.666666666666668,0.6103896103896104,3.883116883116883,0.05844155844155844,0.0,5.194805194805195,0.6493506493506493,166.78700361010831,0.2200000000000002,0
148,13,11.384615384615385,0.5,4.027027027027027,0.04054054054054054,0.0,2.027027027027027,1.3513513513513513,98.71053801689641,0.8639999999999987,1
32,2,16.0,0.875,3.9375,0.03125,0.0,0.0,0.0,91.42857142857142,0.0,0
93,4,23.25,0.6236559139784946,4.053763440860215,0.03225806451612903,0.0,2.1505376344086025,2.1505376344086025,124.66487935656838,0.25,0
98,3,32.666666666666664,0.5918367346938775,4.3061224489795915,0.04081632653061224,0.0,3.061224489795918,2.0408163265306123,97.1258671952428,0.25,0
120,15,8.0,0.5833333333333334,4.716666666666667,0.0,0.0,0.0,0.0,159.78695073235684,0.4857142857142855,1
140,5,28.0,0.44285714285714284,3.8142857142857145,0.05,0.02857142857142857,2.142857142857143,2.142857142857143,137.8404988513292,0.0,0
103,6,17.166666666666668,0.6893203883495146,4.349514563106796,0.04854368932038835,0.0,0.0,0.0,137.33333333333331,0.0,0
83,5,16.6,0.6144578313253012,3.927710843373494,0.0,0.012048192771084338,3.614457831325301,3.614457831325301,88.58057630736394,1.2,2
85,5,17.0,0.7058823529411765,5.0,0.0,0.0,0.0,0.0,115.28028933092223,0.3799999999999999,0
96,6,16.0,0.6354166666666666,5.010416666666667,0.0,0.0,7.291666666666667,2.083333333333333,99.51624049758121,1.4210854715202005e-15,0
122,6,20.333333333333332,0.5,3.69672131147541,0.040983606557377046,0.01639344262295082,5.737704918032787,4.098360655737705,123.44013490725126,-8.881784197001252e-16,0
77,3,25.666666666666668,0.5844155844155844,3.8051948051948052,0.0,0.0,1.2987012987012987,1.2987012987012987,102.52996005326231,0.0,0
93,4,23.25,0.6344086021505376,4.483870967741935,0.043010752688172046,0.0,1.0752688172043012,1.0752688172043012,127.3972602739726,0.0,0
71,3,23.666666666666668,0.5774647887323944,3.9295774647887325,0.056338028169014086,0.04225352112676056,5.633802816901409,4.225352112676056,94.66666666666666,0.23999999999999844,0
115,9,12.777777777777779,0.5304347826086957,3.739130434782609,0.02608695652173913,0.0,7.82608695652174,1.7391304347826086,113.93659180977542,0.12666666666666634,0
108,10,10.8,0.49074074074074076,3.638888888888889,0.046296296296296294,0.0,1.8518518518518516,1.8518518518518516,150.278293135436,0.23666666666666636,0
79,7,11.285714285714286,0.620253164556962,4.3544303797468356,0.012658227848101266,0.012658227848101266,1.2658227848101267,1.2658227848101267,112.26906679298911,0.0,0
138,6,23.0,0.42028985507246375,3.608695652173913,0.07246376811594203,0.0,0.0,0.0,184.0818141396176,0.03199999999999932,0
210,12,17.5,0.23809523809523808,3.5047619047619047,0.009523809523809525,0.004761904761904762,0.9523809523809524,0.4761904761904762,145.90088003705418,0.03125,0
100,9,11.11111111111111,0.5,4.19,0.0,0.0,3.0,3.0,99.86684420772303,0.002857142857141781,0
174,10,17.4,0.46551724137931033,3.6264367816091956,0.034482758620689655,0.0,0.5747126436781609,0.0,174.0,0.0,0
92,5,18.4,0.5760869565217391,3.8043478260869565,0.05434782608695652,0.0,1.0869565217391304,1.0869565217391304,124.60496613995487,0.28999999999999976,1
91,4,22.75,0.6813186813186813,4.010989010989011,0.054945054945054944,0.0,2.197802197802198,2.197802197802198,121.76628010704727,0.0,0
102,1,102.0,0.49019607843137253,3.8627450980392157,0.029411764705882353,0.0,0.0,0.0,135.81890812250333,0.0,0
101,6,16.833333333333332,0.6237623762376238,4.336633663366337,0.0,0.0,1.9801980198019802,1.9801980198019802,138.0410022779043,0.0,0
107,5,21.4,0.5420560747663551,4.570093457943925,0.06542056074766354,0.0,3.7383177570093453,3.7383177570093453,136.59574468085106,-4.440892098500626e-16,0
133,13,10.23076923076923,0.6165413533834586,4.015037593984962,0.045112781954887216,0.015037593984962405,3.007518796992481,0.0,90.53778080326752,0.3479999999999993,0
85,9,9.444444444444445,0.6823529411764706,4.929411764705883,0.011764705882352941,0.0,0.0,0.0,113.23268206039077,0.0,0
117,8,14.625,0.5384615384615384,3.8547008547008548,0.042735042735042736,0.0,1.7094017094017095,1.7094017094017095,116.8831168831169,0.5599999999999987,2
81,7,11.571428571428571,0.5679012345679012,4.049382716049383,0.024691358024691357,0.0,2.4691358024691357,1.2345679012345678,118.53658536585365,0.0,0
82,3,27.333333333333332,0.6585365853658537,4.134146341463414,0.036585365853658534,0.0,3.6585365853658534,0.0,129.2016806722689,0.0,0
110,9,12.222222222222221,0.6454545454545455,4.345454545454546,0.00909090909090909,0.0,1.8181818181818181,1.8181818181818181,130.28030003947887,0.13333333333333286,0
68,2,34.0,0.5441176470588235,4.220588235294118,0.07352941176470588,0.0,2.941176470588235,1.4705882352941175,89.98676665196294,1.2200000000000006,1
85,4,21.25,0.5764705882352941,3.9411764705882355,0.03529411764705882,0.011764705882352941,9.411764705882353,1.1764705882352942,86.88245315161839,0.1666666666666655,0
130,2,65.0,0.5076923076923077,3.730769230769231,0.023076923076923078,0.0,2.307692307692308,1.5384615384615385,130.0,-1.4210854715202005e-15,0
159,11,14.454545454545455,0.6729559748427673,4.748427672955975,0.006289308176100629,0.0,0.628930817610063,0.628930817610063,158.94701766077975,0.0024999999999999467,0
154,13,11.846153846153847,0.461038961038961,3.6948051948051948,0.06493506493506493,0.0,3.2467532467532463,3.2467532467532463,150.0,0.0,0
86,4,21.5,0.5116279069767442,4.151162790697675,0.05813953488372093,0.0,1.1627906976744187,1.1627906976744187,117.27272727272728,0.0,0
52,3,17.333333333333332,0.5384615384615384,4.0,0.0,0.0,3.8461538461538463,3.8461538461538463,69.33333333333333,0.019999999999999574,0
108,3,36.0,0.5740740740740741,4.138888888888889,0.08333333333333333,0.0,0.9259259259259258,0.9259259259259258,152.83018867924525,0.0,0
55,9,6.111111111111111,0.7272727272727273,4.236363636363636,0.0,0.0,10.909090909090908,1.8181818181818181,55.25787006028131,0.0,0
97,5,19.4,0.6185567010309279,4.237113402061856,0.030927835051546393,0.0,0.0,0.0,96.54943596549437,0.26285714285714235,0
74,4,18.5,0.6351351351351351,4.594594594594595,0.013513513513513514,0.0,5.405405405405405,4.054054054054054,98.93048128342247,0.0,0
98,5,19.6,0.5714285714285714,4.224489795918367,0.0,0.0,2.0408163265306123,2.0408163265306123,120.49180327868852,0.33499999999999774,0
81,3,27.0,0.6172839506172839,4.148148148148148,0.024691358024691357,0.0,2.4691358024691357,2.4691358024691357,78.94736842105263,-1.7763568394002505e-15,0
64,3,21.333333333333332,0.765625,4.90625,0.0,0.0,0.0,0.0,179.1044776119403,0.0,0
108,6,18.0,0.5648148148148148,4.074074074074074,0.05555555555555555,0.037037037037037035,3.7037037037037033,3.7037037037037033,123.8532110091743,0.0,0
82,4,20.5,0.5365853658536586,3.951219512195122,0.13414634146341464,0.0,1.2195121951219512,0.0,112.22627737226276,0.0,0
88,11,8.0,0.6136363636363636,3.727272727272727,0.03409090909090909,0.0,1.1363636363636365,1.1363636363636365,116.91762621789195,0.0,0
110,6,18.333333333333332,0.6090909090909091,3.9272727272727272,0.0,0.0,0.9090909090909091,0.9090909090909091,157.14285714285714,0.0,0
96,7,13.714285714285714,0.6458333333333334,4.072916666666667,0.0,0.0,3.125,2.083333333333333,125.21739130434783,0.006666666666666525,0
79,2,39.5,0.6075949367088608,4.075949367088608,0.012658227848101266,0.0,2.5316455696202533,2.5316455696202533,76.64941785252263,0.0,0
130,10,13.0,0.4153846153846154,4.2153846153846155,0.015384615384615385,0.007692307692307693,1.5384615384615385,0.0,131.49022252191503,0.35333333333333056,0
100,11,9.090909090909092,0.6,3.95,0.01,0.0,5.0,5.0,136.67425968109336,0.4680000000000021,0
82,5,16.4,0.3902439024390244,4.536585365853658,0.06097560975609756,0.036585365853658534,4.878048780487805,4.878048780487805,106.40138408304497,0.0,0
88,5,17.6,0.5681818181818182,4.420454545454546,0.10227272727272728,0.011363636363636364,0.0,0.0,87.0712401055409,0.006666666666666525,0
101,8,12.625,0.504950495049505,4.03960396039604,0.039603960396039604,0.0,3.9603960396039604,2.9702970297029703,123.67346938775509,0.0,0
78,6,13.0,0.7307692307692307,4.217948717948718,0.0,0.0,0.0,0.0,104.0,0.0,0
134,5,26.8,0.5522388059701493,4.402985074626866,0.12686567164179105,0.0,2.2388059701492535,2.2388059701492535,133.86613386613385,0.2400000000000002,1
93,6,15.5,0.7419354838709677,4.580645161290323,0.03225806451612903,0.021505376344086023,3.225806451612903,3.225806451612903,93.27983951855566,0.0,0
91,11,8.272727272727273,0.5934065934065934,3.5604395604395602,0.054945054945054944,0.0,4.395604395604396,4.395604395604396,130.24809160305344,0.0,0
120,5,24.0,0.44166666666666665,3.658333333333333,0.016666666666666666,0.0,5.833333333333333,5.833333333333333,161.0738255033557,0.4599999999999991,0
91,6,15.166666666666666,0.6373626373626373,4.582417582417582,0.07692307692307693,0.01098901098901099,1.098901098901099,1.098901098901099,90.87882822902797,0.0,0
116,7,16.571428571428573,0.5,3.4741379310344827,0.034482758620689655,0.008620689655172414,3.4482758620689653,3.4482758620689653,116.03867955985329,-1.0150610510858574e-15,0
88,6,14.666666666666666,0.5,4.943181818181818,0.022727272727272728,0.0,4.545454545454546,3.4090909090909087,123.36448598130842,0.0,0
119,9,13.222222222222221,0.6470588235294118,3.9159663865546217,0.08403361344537816,0.0,4.201680672268908,4.201680672268908,79.35096688152923,0.47375000000000034,2
102,14,7.285714285714286,0.4117647058823529,3.8333333333333335,0.00980392156862745,0.0,6.862745098039216,6.862745098039216,103.27370907863653,-2.5376526277146434e-16,0
75,5,15.0,0.6533333333333333,4.586666666666667,0.0,0.0,1.3333333333333335,1.3333333333333335,107.3473282442748,0.4399999999999977,0
80,5,16.0,0.5625,4.5625,0.0,0.0,1.25,1.25,106.52463382157123,0.5949999999999989,2
130,10,13.0,0.6538461538461539,4.323076923076923,0.0,0.0,0.7692307692307693,0.7692307692307693,139.2857142857143,0.3181818181818182,2
103,9,11.444444444444445,0.6310679611650486,4.349514563106796,0.009708737864077669,0.0,2.912621359223301,1.9417475728155338,137.76192599197503,0.0,0
75,8,9.375,0.6666666666666666,4.1066666666666665,0.013333333333333334,0.0,1.3333333333333335,1.3333333333333335,73.36159113139875,0.4222222222222223,1
102,4,25.5,0.5294117647058824,4.196078431372549,0.00980392156862745,0.0,3.9215686274509802,2.941176470588235,101.35806558463068,0.0,0
82,3,27.333333333333332,0.7073170731707317,4.2317073170731705,0.012195121951219513,0.0,1.2195121951219512,1.2195121951219512,106.17177384548984,0.0,0
107,3,35.666666666666664,0.5887850467289719,4.08411214953271,0.06542056074766354,0.0,3.7383177570093453,2.803738317757009,144.65975664713835,0.0,0
79,3,26.333333333333332,0.5822784810126582,4.050632911392405,0.02531645569620253,0.0,2.5316455696202533,2.5316455696202533,105.23978685612789,0.0,0
132,10,13.2,0.4696969696969697,3.9545454545454546,0.030303030303030304,0.0,0.7575757575757576,0.7575757575757576,134.64807888473308,0.15714285714285733,1
305,4,76.25,0.2098360655737705,3.416393442622951,0.04918032786885246,0.0,0.9836065573770493,0.9836065573770493,217.85714285714286,0.0016666666666666312,0
76,3,25.333333333333332,0.5394736842105263,4.118421052631579,0.02631578947368421,0.0,0.0,0.0,111.21951219512195,0.0,0
106,6,17.666666666666668,0.5754716981132075,4.433962264150943,0.04716981132075472,0.0,3.7735849056603774,0.9433962264150944,105.89410589410589,-8.881784197001252e-16,0
70,6,11.666666666666666,0.6142857142857143,3.9714285714285715,0.04285714285714286,0.02857142857142857,2.857142857142857,2.857142857142857,109.83263598326361,-1.7763568394002505e-15,0
78,2,39.0,0.6410256410256411,3.717948717948718,0.07692307692307693,0.0,2.564102564102564,2.564102564102564,125.67132116004296,0.0,0
107,5,21.4,0.5327102803738317,3.6542056074766354,0.028037383177570093,0.0,5.607476635514018,2.803738317757009,115.42610571736785,0.6879999999999995,1
67,8,8.375,0.5522388059701493,4.119402985074627,0.0,0.0,0.0,0.0,119.21708185053382,0.3999999999999986,0
75,5,15.0,0.5466666666666666,4.346666666666667,0.0,0.0,2.666666666666667,0.0,105.58423275457531,0.5479999999999997,2
99,5,19.8,0.5959595959595959,4.333333333333333,0.010101010101010102,0.0,2.0202020202020203,1.0101010101010102,126.27551020408164,0.0,0
117,1,117.0,0.46153846153846156,3.7264957264957266,0.07692307692307693,0.02564102564102564,1.7094017094017095,0.8547008547008548,153.00784655623366,0.009999999999999787,0
115,2,57.5,0.5130434782608696,4.121739130434783,0.008695652173913044,0.0,6.086956521739131,2.608695652173913,116.63286004056795,0.0,0
126,8,15.75,0.4444444444444444,4.23015873015873,0.015873015873015872,0.0,2.380952380952381,1.5873015873015872,119.16771752837327,0.0674999999999999,0
75,2,37.5,0.6533333333333333,4.213333333333333,0.08,0.0,10.666666666666668,2.666666666666667,77.00205338809036,0.0,0
118,9,13.11111111111111,0.6694915254237288,4.5508474576271185,0.01694915254237288,0.0,0.847457627118644,0.847457627118644,122.61863526151717,-1.7763568394002505e-15,0
90,3,30.0,0.5555555555555556,4.088888888888889,0.044444444444444446,0.022222222222222223,3.3333333333333335,3.3333333333333335,87.91924454575056,-1.4210854715202005e-15,0
101,9,11.222222222222221,0.6336633663366337,3.9405940594059405,0.06930693069306931,0.0,1.9801980198019802,0.9900990099009901,67.498329249276,0.8571428571428571,1
76,8,9.5,0.6447368421052632,4.302631578947368,0.039473684210526314,0.0,1.3157894736842104,1.3157894736842104,101.01905183872397,0.4466666666666678,1
87,10,8.7,0.5862068965517241,4.011494252873563,0.011494252873563218,0.0,2.2988505747126435,2.2988505747126435,121.50837988826814,0.0,0
80,8,10.0,0.65,4.3625,0.075,0.0,3.75,2.5,108.30324909747291,0.0,0
89,7,12.714285714285714,0.5280898876404494,4.741573033707865,0.011235955056179775,0.0,1.1235955056179776,1.1235955056179776,118.56127886323267,0.0,0
105,12,8.75,0.5428571428571428,3.8,0.01904761904761905,0.0,0.9523809523809524,0.9523809523809524,106.31117111036113,-1.0150610510858574e-15,0
83,2,41.5,0.5421686746987951,4.048192771084337,0.03614457831325301,0.012048192771084338,8.433734939759036,8.433734939759036,55.67978533094812,0.006666666666666525,0
114,10,11.4,0.7192982456140351,4.631578947368421,0.008771929824561403,0.0,0.8771929824561403,0.8771929824561403,116.44535240040857,0.35384615384615437,1
113,3,37.666666666666664,0.45132743362831856,3.9469026548672566,0.017699115044247787,0.017699115044247787,4.424778761061947,4.424778761061947,150.80071174377224,1.2519999999999996,3
54,4,13.5,0.7777777777777778,5.944444444444445,0.0,0.0,1.8518518518518516,1.8518518518518516,75.5244755244755,0.7899999999999991,1
105,7,15.0,0.6761904761904762,4.3428571428571425,0.009523809523809525,0.0,0.0,0.0,104.20112471055243,0.2666666666666657,0
49,5,9.8,0.6938775510204082,3.5510204081632653,0.08163265306122448,0.0,10.204081632653061,4.081632653061225,60.049019607843135,0.3333333333333333,0
106,7,15.142857142857142,0.7452830188679245,4.830188679245283,0.009433962264150943,0.0,0.9433962264150944,0.9433962264150944,141.1451398135819,0.0,0
122,6,20.333333333333332,0.5983606557377049,4.254098360655738,0.00819672131147541,0.0,3.278688524590164,2.459016393442623,162.66666666666669,0.0,0
157,5,31.4,0.445859872611465,3.9936305732484074,0.08280254777070063,0.0,5.095541401273886,1.910828025477707,155.75396825396828,0.12571428571428608,0
97,3,32.333333333333336,0.5154639175257731,4.185567010309279,0.05154639175257732,0.0,1.0309278350515463,1.0309278350515463,135.72761194029854,0.3433333333333343,0
109,7,15.571428571428571,0.6238532110091743,4.18348623853211,0.06422018348623854,0.0,0.9174311926605505,0.9174311926605505,147.69647696476963,0.0,0
67,10,6.7,0.835820895522388,4.2835820895522385,0.014925373134328358,0.0,1.4925373134328357,1.4925373134328357,115.51724137931036,0.0,0
112,15,7.466666666666667,0.5267857142857143,3.9732142857142856,0.008928571428571428,0.0,0.8928571428571428,0.8928571428571428,112.9032258064516,0.9240000000000006,3
99,5,19.8,0.6363636363636364,4.090909090909091,0.010101010101010102,0.0,1.0101010101010102,1.0101010101010102,127.03165098374677,0.0,0
137,3,45.666666666666664,0.5109489051094891,4.109489051094891,0.08029197080291971,0.0,1.4598540145985401,1.4598540145985401,132.5806451612903,-1.1842378929335002e-15,0
120,5,24.0,0.575,4.116666666666666,0.008333333333333333,0.0,3.3333333333333335,3.3333333333333335,120.36108324974924,0.0,0
91,5,18.2,0.6813186813186813,4.681318681318682,0.01098901098901099,0.0,1.098901098901099,1.098901098901099,88.34951456310681,0.004999999999998117,0
87,6,14.5,0.5517241379310345,3.9655172413793105,0.05747126436781609,0.034482758620689655,6.896551724137931,6.896551724137931,85.12720156555773,0.125,0
111,5,22.2,0.5765765765765766,3.855855855855856,0.02702702702702703,0.0,2.7027027027027026,2.7027027027027026,155.53479682391406,0.19500000000000028,0
82,4,20.5,0.6219512195121951,4.073170731707317,0.024390243902439025,0.0,6.097560975609756,6.097560975609756,81.94536975349766,0.004999999999999893,0
90,17,5.294117647058823,0.5111111111111111,4.344444444444444,0.022222222222222223,0.06666666666666667,4.444444444444445,0.0,91.52542372881355,0.0,0
137,5,27.4,0.5255474452554745,3.8905109489051095,0.029197080291970802,0.0,5.109489051094891,1.4598540145985401,137.78075762655044,0.0,0
120,5,24.0,0.45,3.941666666666667,0.016666666666666666,0.0,2.5,2.5,130.38754074610648,0.0,0
128,12,10.666666666666666,0.640625,3.9140625,0.046875,0.0,6.25,5.46875,127.78702163061564,0.4,2
136,5,27.2,0.5367647058823529,3.948529411764706,0.029411764705882353,0.0,3.6764705882352944,1.4705882352941175,136.0,-1.0150610510858574e-15,0
94,7,13.428571428571429,0.5851063829787234,4.287234042553192,0.02127659574468085,0.0,1.0638297872340425,1.0638297872340425,175.37313432835822,0.0,0
101,6,16.833333333333332,0.6336633663366337,4.148514851485149,0.0,0.0,0.9900990099009901,0.9900990099009901,116.04749138261201,0.0,0
113,7,16.142857142857142,0.6283185840707964,4.238938053097345,0.05309734513274336,0.0,2.6548672566371683,2.6548672566371683,109.77979274611398,0.0,0
132,4,33.0,0.6439393939393939,3.946969696969697,0.030303030303030304,0.0,4.545454545454546,3.787878787878788,133.19878910191724,0.1111111111111111,0
82,3,27.333333333333332,0.5609756097560976,3.6463414634146343,0.04878048780487805,0.012195121951219513,2.4390243902439024,2.4390243902439024,108.89774236387782,0.1875,1
112,12,9.333333333333334,0.5625,4.616071428571429,0.0,0.0,1.7857142857142856,1.7857142857142856,159.16627190904785,0.34999999999999964,0
153,5,30.6,0.46405228758169936,4.084967320261438,0.032679738562091505,0.0,3.2679738562091507,2.6143790849673203,153.7173476222371,0.3674999999999997,2
96,10,9.6,0.6354166666666666,3.9895833333333335,0.03125,0.0,1.0416666666666665,1.0416666666666665,96.0,0.0,0
68,7,9.714285714285714,0.7058823529411765,4.764705882352941,0.014705882352941176,0.0,1.4705882352941175,1.4705882352941175,100.69101678183614,0.3371428571428576,1
86,5,17.2,0.6046511627906976,4.77906976744186,0.10465116279069768,0.0,0.0,0.0,87.45762711864406,1.2099999999999973,2
73,2,36.5,0.547945205479452,3.5753424657534247,0.0410958904109589,0.0273972602739726,8.21917808219178,8.21917808219178,104.23607805806758,0.0,0
79,7,11.285714285714286,0.620253164556962,4.3544303797468356,0.012658227848101266,0.012658227848101266,1.2658227848101267,1.2658227848101267,111.52941176470588,0.0,0
79,7,11.285714285714286,0.4936708860759494,4.582278481012659,0.0,0.0,2.5316455696202533,1.2658227848101267,109.77304307549791,0.0,0
73,4,18.25,0.6027397260273972,4.068493150684931,0.0,0.0,4.10958904109589,2.73972602739726,75.10288065843622,-7.105427357601002e-16,0
107,4,26.75,0.5607476635514018,4.336448598130841,0.009345794392523364,0.009345794392523364,11.214953271028037,1.8691588785046727,102.55591054313098,0.0,0
110,5,22.0,0.5181818181818182,3.9454545454545453,0.02727272727272727,0.01818181818181818,7.2727272727272725,7.2727272727272725,113.51909184726522,0.004999999999999893,0
70,3,23.333333333333332,0.6571428571428571,3.857142857142857,0.02857142857142857,0.0,0.0,0.0,95.67198177676538,0.39000000000000057,0
100,4,25.0,0.66,4.07,0.0,0.0,3.0,3.0,128.36970474967904,0.0,0
86,6,14.333333333333334,0.5697674418604651,4.22093023255814,0.03488372093023256,0.011627906976744186,11.627906976744185,9.30232558139535,104.36893203883496,0.0,0
123,12,10.25,0.5691056910569106,4.105691056910569,0.032520325203252036,0.0,0.8130081300813009,0.8130081300813009,121.90287413280477,0.0,0
56,5,11.2,0.5714285714285714,3.6785714285714284,0.0,0.0,0.0,0.0,90.51724137931033,0.0,0
101,6,16.833333333333332,0.49504950495049505,3.9306930693069306,0.009900990099009901,0.0,3.9603960396039604,0.9900990099009901,101.20240480961922,0.5349999999999993,1
96,9,10.666666666666666,0.625,3.9479166666666665,0.010416666666666666,0.0,4.166666666666666,2.083333333333333,128.11387900355874,0.3899999999999961,0
72,4,18.0,0.7222222222222222,4.194444444444445,0.013888888888888888,0.0,5.555555555555555,2.7777777777777777,73.07171853856562,0.0,0
93,6,15.5,0.6344086021505376,3.774193548387097,0.053763440860215055,0.021505376344086023,3.225806451612903,2.1505376344086025,89.97097710415994,0.32500000000000284,1
170,10,17.0,0.4411764705882353,3.929411764705882,0.0,0.0,2.3529411764705883,2.3529411764705883,171.65937394816558,0.22000000000000064,0
82,14,5.857142857142857,0.8170731707317073,4.914634146341464,0.024390243902439025,0.0,1.2195121951219512,1.2195121951219512,111.2115732368897,-7.105427357601002e-16,0
89,8,11.125,0.47191011235955055,3.831460674157303,0.15730337078651685,0.011235955056179775,3.3707865168539324,3.3707865168539324,120.16201620162018,0.0,0
92,3,30.666666666666668,0.6304347826086957,4.065217391304348,0.05434782608695652,0.0,6.521739130434782,6.521739130434782,120.0,0.75,1
98,5,19.6,0.6632653061224489,4.918367346938775,0.01020408163265306,0.0,2.0408163265306123,2.0408163265306123,126.94300518134713,0.0,0
117,9,13.0,0.5299145299145299,4.042735042735043,0.02564102564102564,0.0,1.7094017094017095,1.7094017094017095,116.80532445923461,0.6959999999999994,1
117,8,14.625,0.5555555555555556,3.8376068376068377,0.02564102564102564,0.0,0.8547008547008548,0.0,116.84420772303596,-1.7763568394002505e-15,0
85,4,21.25,0.6588235294117647,4.517647058823529,0.047058823529411764,0.03529411764705882,4.705882352941177,4.705882352941177,111.06271777003484,0.0,0
136,5,27.2,0.5955882352941176,4.330882352941177,0.022058823529411766,0.0,0.7352941176470588,0.7352941176470588,138.35198372329603,0.10799999999999983,0
78,5,15.6,0.5769230769230769,3.7948717948717947,0.038461538461538464,0.038461538461538464,0.0,0.0,103.35689045936395,0.0,0
73,3,24.333333333333332,0.6164383561643836,3.904109589041096,0.0684931506849315,0.0,4.10958904109589,1.36986301369863,100.87517273146015,0.6333333333333329,1
100,16,6.25,0.55,3.99,0.05,0.0,2.0,1.0,99.83361064891847,0.0,0
107,8,13.375,0.5981308411214953,4.140186915887851,0.018691588785046728,0.0,0.9345794392523363,0.0,141.0989010989011,0.0,0
98,7,14.0,0.5306122448979592,4.183673469387755,0.02040816326530612,0.0,2.0408163265306123,0.0,100.82304526748972,0.8228571428571411,3
77,5,15.4,0.7142857142857143,4.103896103896104,0.0,0.0,0.0,0.0,104.71441523118767,0.0,0
120,4,30.0,0.5166666666666667,3.975,0.075,0.016666666666666666,3.3333333333333335,3.3333333333333335,119.68085106382979,0.0,0
129,7,18.428571428571427,0.6434108527131783,4.37984496124031,0.03875968992248062,0.0,2.3255813953488373,0.7751937984496124,86.98583951449763,0.9100000000000001,1
140,5,28.0,0.6357142857142857,4.142857142857143,0.0,0.0,0.0,0.0,142.08389715832206,-1.1842378929335002e-15,0
87,4,21.75,0.6666666666666666,4.563218390804598,0.0,0.0,1.1494252873563218,1.1494252873563218,98.49056603773586,0.5120000000000005,1
93,4,23.25,0.5161290322580645,3.903225806451613,0.0,0.010752688172043012,1.0752688172043012,1.0752688172043012,127.3972602739726,0.3839999999999998,0
89,6,14.833333333333334,0.6629213483146067,4.651685393258427,0.011235955056179775,0.0,1.1235955056179776,0.0,91.46968139773895,-8.881784197001252e-16,0
98,6,16.333333333333332,0.5204081632653061,3.663265306122449,0.030612244897959183,0.0,2.0408163265306123,2.0408163265306123,130.3191489361702,0.9200000000000017,2
74,8,9.25,0.5405405405405406,3.972972972972973,0.06756756756756757,0.0,1.3513513513513513,1.3513513513513513,49.89885367498314,8.5,1
98,3,32.666666666666664,0.5204081632653061,3.938775510204082,0.05102040816326531,0.02040816326530612,5.1020408163265305,5.1020408163265305,97.51243781094529,0.0,0
95,5,19.0,0.45263157894736844,3.7263157894736842,0.06315789473684211,0.0,2.1052631578947367,2.1052631578947367,131.21546961325967,0.0,0
85,2,42.5,0.6352941176470588,3.6941176470588237,0.058823529411764705,0.023529411764705882,1.1764705882352942,1.1764705882352942,136.4365971107544,0.0,0
76,6,12.666666666666666,0.5921052631578947,4.144736842105263,0.05263157894736842,0.013157894736842105,2.631578947368421,0.0,102.88808664259928,0.0,0
38,2,19.0,0.7368421052631579,4.315789473684211,0.0,0.0,0.0,0.0,128.95927601809953,0.0,0
107,8,13.375,0.514018691588785,4.962616822429907,0.018691588785046728,0.0,0.0,0.0,115.67567567567568,0.0,0
163,10,16.3,0.5460122699386503,3.6012269938650308,0.024539877300613498,0.0,1.2269938650306749,1.2269938650306749,176.47058823529414,0.13666666666666671,0
91,10,9.1,0.5824175824175825,3.989010989010989,0.02197802197802198,0.0,4.395604395604396,4.395604395604396,90.9090909090909,-2.3684757858670005e-15,0
111,11,10.090909090909092,0.5855855855855856,4.63963963963964,0.0,0.009009009009009009,0.0,0.0,110.74160292650481,0.0,0
98,3,32.666666666666664,0.6530612244897959,5.010204081632653,0.01020408163265306,0.0,2.0408163265306123,2.0408163265306123,94.83870967741935,0.0,0
72,4,18.0,0.6388888888888888,4.527777777777778,0.05555555555555555,0.013888888888888888,2.7777777777777777,0.0,96.0,0.0,0
70,3,23.333333333333332,0.4857142857142857,4.2,0.02857142857142857,0.04285714285714286,1.4285714285714286,1.4285714285714286,89.36170212765957,0.0,0
96,9,10.666666666666666,0.6041666666666666,4.0625,0.020833333333333332,0.010416666666666666,5.208333333333334,2.083333333333333,94.42622950819671,0.0,0
74,2,37.0,0.6081081081081081,3.7837837837837838,0.04054054054054054,0.0,0.0,0.0,129.37062937062936,0.0,0
105,5,21.0,0.6285714285714286,3.942857142857143,0.047619047619047616,0.0,2.857142857142857,2.857142857142857,140.0,0.0,0
74,4,18.5,0.5945945945945946,3.635135135135135,0.02702702702702703,0.0,1.3513513513513513,1.3513513513513513,110.44776119402984,0.0,0
100,5,20.0,0.52,3.7,0.01,0.01,6.0,6.0,101.76390773405699,0.006666666666666525,0
104,5,20.8,0.5673076923076923,4.336538461538462,0.028846153846153848,0.0,2.8846153846153846,2.8846153846153846,102.29508196721311,-1.7763568394002505e-15,0
133,6,22.166666666666668,0.44360902255639095,3.5714285714285716,0.05263157894736842,0.0,6.015037593984962,5.263157894736842,136.87821612349916,-1.4210854715202005e-15,0
151,5,30.2,0.5099337748344371,4.013245033112582,0.026490066225165563,0.0,1.3245033112582782,1.3245033112582782,150.84915084915087,0.0,0
90,7,12.857142857142858,0.6333333333333333,4.455555555555556,0.022222222222222223,0.0,3.3333333333333335,2.2222222222222223,124.2521859180856,0.0,0
103,4,25.75,0.5242718446601942,4.135922330097087,0.04854368932038835,0.0,0.9708737864077669,0.9708737864077669,132.05128205128207,0.0,0
110,6,18.333333333333332,0.5454545454545454,4.3,0.07272727272727272,0.0,0.0,0.0,110.0,0.0,0
145,12,12.083333333333334,0.6482758620689655,4.76551724137931,0.0,0.0,1.3793103448275863,1.3793103448275863,153.0612244897959,0.0,0
78,4,19.5,0.5897435897435898,4.1923076923076925,0.1282051282051282,0.01282051282051282,0.0,0.0,104.0,0.0,0
77,5,15.4,0.7272727272727273,4.5064935064935066,0.0,0.012987012987012988,0.0,0.0,103.44827586206897,0.0,0
78,4,19.5,0.5897435897435898,3.7435897435897436,0.1282051282051282,0.01282051282051282,2.564102564102564,2.564102564102564,109.14179104477613,0.2299999999999991,0
82,7,11.714285714285714,0.47560975609756095,3.7439024390243905,0.10975609756097561,0.0,1.2195121951219512,1.2195121951219512,85.56521739130434,1.1842378929335002e-15,0
87,5,17.4,0.5172413793103449,4.137931034482759,0.022988505747126436,0.011494252873563218,2.2988505747126435,2.2988505747126435,102.35294117647058,0.0,0
127,6,21.166666666666668,0.5590551181102362,3.84251968503937,0.015748031496062992,0.0,1.574803149606299,1.574803149606299,123.6210253082414,8.881784197001252e-16,0
120,7,17.142857142857142,0.55,3.85,0.03333333333333333,0.0,4.166666666666666,4.166666666666666,118.0327868852459,-1.7763568394002505e-15,0
91,4,22.75,0.4835164835164835,3.89010989010989,0.0,0.01098901098901099,2.197802197802198,2.197802197802198,88.06451612903226,0.2,0
74,5,14.8,0.527027027027027,3.5135135135135136,0.0,0.0,0.0,0.0,72.21860767729342,0.004999999999999893,0
104,3,34.666666666666664,0.46153846153846156,3.4134615384615383,0.028846153846153848,0.019230769230769232,7.6923076923076925,7.6923076923076925,114.95946941783346,0.0,0
134,8,16.75,0.3805970149253731,3.970149253731343,0.007462686567164179,0.0,4.477611940298507,3.731343283582089,130.01293661060802,0.20285714285714107,0
143,6,23.833333333333332,0.5874125874125874,3.895104895104895,0.013986013986013986,0.0,2.097902097902098,2.097902097902098,143.2387312186978,0.0600000000000005,0
61,3,20.333333333333332,0.7540983606557377,4.344262295081967,0.01639344262295082,0.0,0.0,0.0,59.58971019211983,0.0,0
99,5,19.8,0.5151515151515151,4.222222222222222,0.030303030303030304,0.0,1.0101010101010102,1.0101010101010102,131.88277087033748,0.17333333333333437,0
51,2,25.5,0.7058823529411765,3.9019607843137254,0.0392156862745098,0.0196078431372549,3.9215686274509802,3.9215686274509802,49.54663212435233,0.1600000000000025,0
103,4,25.75,0.4077669902912621,3.6019417475728157,0.009708737864077669,0.019417475728155338,5.825242718446602,3.8834951456310676,139.75576662143828,0.0,0
124,9,13.777777777777779,0.46774193548387094,3.943548387096774,0.06451612903225806,0.0,3.225806451612903,3.225806451612903,125.08406186953597,0.30399999999999777,0
85,3,28.333333333333332,0.6470588235294118,4.3882352941176475,0.011764705882352941,0.0,1.1764705882352942,1.1764705882352942,108.603066439523,0.0,0
117,6,19.5,0.48717948717948717,4.264957264957265,0.06837606837606838,0.017094017094017096,3.418803418803419,2.564102564102564,116.84420772303596,-1.7763568394002505e-15,0
123,7,17.571428571428573,0.5040650406504065,3.796747967479675,0.056910569105691054,0.008130081300813009,6.504065040650407,5.691056910569105,120.27379400260756,0.0,0
102,4,25.5,0.5686274509803921,3.676470588235294,0.058823529411764705,0.00980392156862745,4.901960784313726,4.901960784313726,137.58992805755398,0.0,0
97,6,16.166666666666668,0.6701030927835051,4.824742268041237,0.061855670103092786,0.010309278350515464,4.123711340206185,4.123711340206185,97.58551307847083,0.15999999999999956,0
73,6,12.166666666666666,0.6438356164383562,4.2465753424657535,0.0,0.0136986301369863,5.47945205479452,4.10958904109589,104.13694721825964,1.879999999999999,1
120,7,17.142857142857142,0.45,3.658333333333333,0.058333333333333334,0.008333333333333333,0.8333333333333334,0.8333333333333334,159.78695073235684,0.0,0
94,7,13.428571428571429,0.7021276595744681,3.904255319148936,0.0425531914893617,0.0,0.0,0.0,125.72447614801607,0.576666666666665,1
134,4,33.5,0.5298507462686567,4.164179104477612,0.022388059701492536,0.0,5.970149253731343,1.4925373134328357,136.6882012920775,0.0,0
102,3,34.0,0.46078431372549017,3.9607843137254903,0.058823529411764705,0.00980392156862745,4.901960784313726,1.9607843137254901,131.8965517241379,0.0,0
87,12,7.25,0.45977011494252873,3.9080459770114944,0.011494252873563218,0.011494252873563218,3.4482758620689653,3.4482758620689653,58.012891753723046,3.2039999999999993,2
104,7,14.857142857142858,0.49038461538461536,4.240384615384615,0.038461538461538464,0.019230769230769232,5.769230769230769,4.807692307692308,110.48158640226629,0.09142857142857201,0
83,9,9.222222222222221,0.7349397590361446,4.481927710843373,0.03614457831325301,0.0,0.0,0.0,111.45926589077888,0.38285714285714334,0
102,5,20.4,0.7352941176470589,4.637254901960785,0.00980392156862745,0.0,0.9803921568627451,0.0,102.20440881763528,0.0,0
90,4,22.5,0.6444444444444445,4.3,0.06666666666666667,0.0,2.2222222222222223,2.2222222222222223,89.91008991008991,0.0,0
94,8,11.75,0.6595744680851063,4.031914893617022,0.031914893617021274,0.0,11.702127659574469,4.25531914893617,95.49610565526582,0.41199999999999903,1
138,14,9.857142857142858,0.4855072463768116,4.188405797101449,0.014492753623188406,0.007246376811594203,2.1739130434782608,2.1739130434782608,136.1842105263158,0.02571428571428669,0
132,4,33.0,0.49242424242424243,4.015151515151516,0.007575757575757576,0.007575757575757576,3.787878787878788,2.272727272727273,130.17751479289942,-1.1842378929335002e-15,0
81,3,27.0,0.5679012345679012,3.6296296296296298,0.04938271604938271,0.0,2.4691358024691357,1.2345679012345678,134.40265486725667,0.0,0
99,5,19.8,0.6060606060606061,4.313131313131313,0.050505050505050504,0.0,6.0606060606060606,5.05050505050505,132.0,0.15999999999999956,0
62,4,15.5,0.5806451612903226,3.870967741935484,0.03225806451612903,0.0,1.6129032258064515,1.6129032258064515,83.59550561797754,0.0,0
91,6,15.166666666666666,0.7142857142857143,4.6923076923076925,0.0,0.0,1.098901098901099,0.0,91.76470588235293,1.3600000000000003,2
94,5,18.8,0.648936170212766,3.8085106382978724,0.05319148936170213,0.0,4.25531914893617,2.127659574468085,128.41530054644807,0.0,0
51,3,17.0,0.6666666666666666,3.588235294117647,0.0,0.0,1.9607843137254901,1.9607843137254901,50.96602265156562,1.5933333333333337,1
62,3,20.666666666666668,0.7903225806451613,4.935483870967742,0.0,0.0,0.0,0.0,80.93994778067885,0.16000000000000014,0
85,7,12.142857142857142,0.4588235294117647,3.7529411764705882,0.047058823529411764,0.03529411764705882,1.1764705882352942,1.1764705882352942,113.58574610244987,0.5900000000000004,1
95,8,11.875,0.7263157894736842,4.673684210526316,0.010526315789473684,0.0,0.0,0.0,128.1474820143885,0.8533333333333335,2
113,9,12.555555555555555,0.7610619469026548,5.008849557522124,0.0,0.0,2.6548672566371683,0.8849557522123894,150.66666666666666,0.4800000000000004,1
88,7,12.571428571428571,0.5454545454545454,3.602272727272727,0.056818181818181816,0.0,2.272727272727273,2.272727272727273,126.31578947368423,0.0,0
83,6,13.833333333333334,0.6506024096385542,4.168674698795181,0.012048192771084338,0.0,1.2048192771084338,1.2048192771084338,110.66666666666667,0.0,0
116,10,11.6,0.5948275862068966,4.258620689655173,0.0,0.0,11.206896551724139,1.7241379310344827,115.2699569393839,1.7763568394002505e-15,0
108,9,12.0,0.4722222222222222,3.6666666666666665,0.06481481481481481,0.0,5.555555555555555,5.555555555555555,140.8695652173913,0.0,0
87,11,7.909090909090909,0.6551724137931034,4.517241379310345,0.0,0.0,0.0,0.0,115.18093556928508,0.0,0
70,4,17.5,0.7571428571428571,5.4,0.04285714285714286,0.0,0.0,0.0,85.71428571428572,0.3333333333333333,0
122,11,11.090909090909092,0.6557377049180327,4.409836065573771,0.01639344262295082,0.0,4.098360655737705,4.098360655737705,122.98387096774194,0.0,0
72,4,18.0,0.6388888888888888,4.527777777777778,0.05555555555555555,0.013888888888888888,2.7777777777777777,0.0,98.18181818181819,0.0,0
88,2,44.0,0.6022727272727273,4.159090909090909,0.022727272727272728,0.0,2.272727272727273,2.272727272727273,115.28384279475983,0.0,0
105,8,13.125,0.7142857142857143,4.742857142857143,0.01904761904761905,0.0,0.9523809523809524,0.9523809523809524,141.57303370786516,0.0,0
95,4,23.75,0.6421052631578947,4.168421052631579,0.042105263157894736,0.010526315789473684,0.0,0.0,150.87347803070406,0.0,0
114,2,57.0,0.5701754385964912,4.0,0.08771929824561403,0.0,0.8771929824561403,0.8771929824561403,146.02903501280954,0.0,0
82,4,20.5,0.6463414634146342,4.109756097560975,0.036585365853658534,0.0,0.0,0.0,122.75449101796409,0.0,0
87,4,21.75,0.6436781609195402,4.528735632183908,0.011494252873563218,0.0,2.2988505747126435,1.1494252873563218,120.0551977920883,0.0,0
116,2,58.0,0.5172413793103449,3.8793103448275863,0.08620689655172414,0.008620689655172414,1.7241379310344827,1.7241379310344827,149.61306964746348,-1.1842378929335002e-15,0
129,7,18.428571428571427,0.6511627906976745,4.503875968992248,0.015503875968992248,0.0,3.875968992248062,1.550387596899225,127.63852242744063,0.0,0
112,6,18.666666666666668,0.5803571428571429,3.9732142857142856,0.05357142857142857,0.0,1.7857142857142856,1.7857142857142856,150.87561742254155,0.0,0
110,7,15.714285714285714,0.45454545454545453,3.590909090909091,0.01818181818181818,0.0,3.6363636363636362,0.9090909090909091,150.0,0.0,0
109,4,27.25,0.5504587155963303,4.165137614678899,0.08256880733944955,0.0,2.7522935779816518,1.834862385321101,109.18196994991652,0.060000000000000143,0
83,5,16.6,0.5421686746987951,4.120481927710843,0.024096385542168676,0.0,1.2048192771084338,1.2048192771084338,115.06469500924214,0.0,0
114,7,16.285714285714285,0.5964912280701754,4.631578947368421,0.03508771929824561,0.0,2.631578947368421,1.7543859649122806,110.71544189057948,0.5466666666666667,2
147,13,11.307692307692308,0.4897959183673469,3.870748299319728,0.034013605442176874,0.0,2.7210884353741496,1.3605442176870748,147.34380220514535,0.0600000000000005,0
99,6,16.5,0.5757575757575758,4.242424242424242,0.0707070707070707,0.0,3.0303030303030303,3.0303030303030303,131.64893617021275,0.6933333333333339,1
143,13,11.0,0.6293706293706294,4.6223776223776225,0.0,0.0,0.6993006993006993,0.6993006993006993,142.85714285714286,0.4640000000000001,1
110,4,27.5,0.5727272727272728,4.318181818181818,0.02727272727272727,0.01818181818181818,5.454545454545454,3.6363636363636362,135.6907894736842,0.10571428571428575,0
29,5,5.8,0.8275862068965517,4.103448275862069,0.034482758620689655,0.0,0.0,0.0,19.33763058457435,1.509999999999998,1
135,11,12.272727272727273,0.5555555555555556,4.333333333333333,0.037037037037037035,0.0,2.9629629629629632,2.9629629629629632,135.45150501672242,0.3257142857142859,1
67,3,22.333333333333332,0.6716417910447762,4.373134328358209,0.0,0.0,1.4925373134328357,1.4925373134328357,76.77616501145913,0.0,0
124,4,31.0,0.5161290322580645,3.8548387096774195,0.024193548387096774,0.0,0.8064516129032258,0.8064516129032258,165.18650088809946,0.14857142857142794,0
90,7,12.857142857142858,0.6555555555555556,3.7888888888888888,0.06666666666666667,0.0,4.444444444444445,1.1111111111111112,121.34831460674158,0.0,0
53,3,17.666666666666668,0.5471698113207547,3.9245283018867925,0.0,0.0,3.7735849056603774,3.7735849056603774,70.66666666666667,0.009999999999999787,0
120,5,24.0,0.6833333333333333,4.708333333333333,0.0,0.0,0.0,0.0,119.84021304926765,0.19555555555555612,1
97,8,12.125,0.4639175257731959,4.082474226804123,0.010309278350515464,0.010309278350515464,3.0927835051546393,3.0927835051546393,129.96873604287626,0.0,0
81,5,16.2,0.6296296296296297,4.617283950617284,0.09876543209876543,0.012345679012345678,3.7037037037037033,3.7037037037037033,98.82065880439202,0.0,0
88,5,17.6,0.6590909090909091,3.852272727272727,0.06818181818181818,0.0,1.1363636363636365,0.0,119.72789115646258,0.0,0
74,2,37.0,0.6486486486486487,3.675675675675676,0.02702702702702703,0.0,5.405405405405405,5.405405405405405,99.59623149394348,0.0,0
89,6,14.833333333333334,0.7303370786516854,4.719101123595506,0.011235955056179775,0.0,1.1235955056179776,1.1235955056179776,127.14285714285714,0.0,0
79,3,26.333333333333332,0.6708860759493671,4.481012658227848,0.0,0.012658227848101266,3.79746835443038,3.79746835443038,81.78053830227744,2.1750000000000007,1
108,7,15.428571428571429,0.5925925925925926,4.296296296296297,0.027777777777777776,0.0,1.8518518518518516,0.9259259259259258,107.82029950083195,0.0,0
149,12,12.416666666666666,0.5234899328859061,3.959731543624161,0.006711409395973154,0.0,0.6711409395973155,0.6711409395973155,103.76044568245125,0.22499999999999964,0
94,5,18.8,0.574468085106383,3.9361702127659575,0.02127659574468085,0.0,3.1914893617021276,3.1914893617021276,126.68463611859839,0.0,0
159,5,31.8,0.4968553459119497,4.037735849056604,0.025157232704402517,0.0,1.8867924528301887,1.257861635220126,158.57712765957444,5.075305255429287e-16,0
105,5,21.0,0.6,4.314285714285714,0.047619047619047616,0.0,2.857142857142857,1.9047619047619049,109.33703575147518,0.0,0
