cola_mean,cola_min,cola_std,cola_frac_bad,ppl,ppl_per_sent
0.7897673000892004,0.27185705304145813,0.24892444817394208,0.16666666666666666,19.824899673461914,54.92157872517904
0.6600722993413607,0.1884816586971283,0.34115423060956657,0.3333333333333333,56.674774169921875,86.05815505981445
0.6833222880959511,0.22532272338867188,0.29549076274138447,0.375,30.805179595947266,385.3299674987793
0.6094969928264617,0.13153399527072906,0.38912888413060676,0.4,54.54714584350586,116.0517349243164
0.7119522541761398,0.3619188964366913,0.2518914924183635,0.3333333333333333,32.68549346923828,38.28024101257324
0.7977712951600552,0.10010411590337753,0.2572587640129092,0.1,18.855619430541992,39.353112411499026
0.4601389269034068,0.37040773034095764,0.06540893414594356,0.6666666666666666,30.648372650146484,57.28912353515625
0.5857959362593564,0.1201319694519043,0.32715986992330753,0.45454545454545453,48.00311279296875,404.18214451182973
0.8136820435523987,0.42434006929397583,0.20500725985572138,0.2,73.12247467041016,185.339208984375
0.32719394378364086,0.04044782742857933,0.28674611635506153,0.5,213.75296020507812,588.2658157348633
0.9505899548530579,0.8995741605758667,0.03608777799873385,0.0,24.67911148071289,97.60850397745769
0.9136461516221365,0.6869826912879944,0.10480650063278812,0.0,17.72088623046875,39.322028160095215
0.7686497211456299,0.19810527563095093,0.30280270173542895,0.2,72.58415985107422,145.6958465576172
0.7106498882174492,0.09827395528554916,0.34084979845791147,0.2,23.99204444885254,74.11361885070801
0.8743435910769871,0.6966387629508972,0.10944819189697123,0.0,35.08473205566406,121.360534123012
0.9311545372009278,0.8470461368560791,0.049532916822868825,0.0,14.237098693847656,24.97566967010498
0.5967753469944,0.1708216667175293,0.2724631694159785,0.4,34.60662841796875,266.019221496582
0.8894659943050809,0.3868466019630432,0.18137851755463172,0.1111111111111111,24.306991577148438,72.15722592671712
0.961961739593082,0.9213627576828003,0.02165621730362026,0.0,24.11083984375,104.73574617173936
0.724327507118384,0.13195069134235382,0.27784100704407005,0.16666666666666666,28.7556095123291,592.6398944854736
0.752131720383962,0.5320937037467957,0.16990165730226267,0.0,42.08356857299805,57.826568603515625
0.650149812301,0.38269761204719543,0.19172633309016374,0.3333333333333333,26.333009719848633,78.16732533772786
0.7091450517376264,0.1458139568567276,0.3402562479542477,0.3333333333333333,16.662921905517578,41.954856872558594
0.8946240345637003,0.5624826550483704,0.14964881285949866,0.0,95.52651977539062,200.03498204549155
0.706248362149511,0.1292518526315689,0.28226506817769964,0.14285714285714285,31.367294311523438,113.52044459751674
0.04246273264288902,0.04246273264288902,0.0,1.0,49.82467269897461,50.92963409423828
0.09110009297728539,0.03554100543260574,0.06222231961318636,1.0,98.07958221435547,218.80380566914877
0.8971318668789334,0.42589569091796875,0.16795398251586258,0.1111111111111111,23.896957397460938,79.97567219204373
0.5819776885211467,0.02758900448679924,0.3988730919669842,0.4,44.65930938720703,285.95991172790525
0.6618687504281601,0.06050645932555199,0.30871616095302645,0.16666666666666666,61.06541442871094,218.36769421895346
0.6816883757710457,0.16681985557079315,0.30541092179121737,0.3333333333333333,56.50822448730469,86.84423573811848
0.6432738197701318,0.16469556093215942,0.33779659077061114,0.42857142857142855,31.949153900146484,150.6518930707659
0.27114012744277716,0.03412347659468651,0.16884580146305264,1.0,39.53062438964844,86.10593128204346
0.7805065228180452,0.150237575173378,0.27894481158838924,0.18181818181818182,67.25823974609375,334.47979112104935
0.9543724894523621,0.892227053642273,0.032909877660392245,0.0,34.27924728393555,71.07385864257813
0.8764339327812195,0.72294020652771,0.08699186806919766,0.0,26.274953842163086,49.43684959411621
0.8287609219551086,0.22796916961669922,0.24652942727063548,0.125,29.57718276977539,126.36893725395203
0.894101599852244,0.6462473273277283,0.11342511955242683,0.0,11.049646377563477,19.11337661743164
0.9626500844955445,0.893631100654602,0.02918051852487997,0.0,27.01458168029785,194.75213871002197
0.5659811951220035,0.03294895961880684,0.40935404672274656,0.4,135.69497680664062,359.6857177734375
0.8516765758395195,0.5346911549568176,0.15864641901944584,0.0,17.93396759033203,180.17749547958374
0.9591048757235209,0.8512800335884094,0.03993292793634492,0.0,22.459381103515625,53.72493426005045
0.8065953433513642,0.36581334471702576,0.2272909991957991,0.2,23.732086181640625,185.9942710876465
0.5013210251927376,0.05977746099233627,0.3132978895060537,0.3333333333333333,64.30839538574219,129.1288859049479
0.7747101982434591,0.4847176671028137,0.186463061716471,0.1111111111111111,28.89862632751465,98.92256630791559
0.9080275148153305,0.8068953156471252,0.07558337100712605,0.0,21.492403030395508,42.901073932647705
0.8657830618321896,0.396591454744339,0.19239805213956135,0.125,19.626123428344727,69.41313982009888
0.7914852499961853,0.7914852499961853,0.0,0.0,29.556943893432617,29.87285041809082
0.06271693607171376,0.04228191077709198,0.01477023468135125,1.0,105.3088607788086,109.87914276123047
0.960946652022275,0.8487673401832581,0.036409367818268513,0.0,16.796289443969727,43.65990361300382
0.7426670293013254,0.26765596866607666,0.2911812650475565,0.3333333333333333,26.29442024230957,181.40971840752496
0.46412050413588685,0.04856128618121147,0.4249650360321158,0.5,62.086265563964844,139.62562878926596
0.7855749962230524,0.08590217679738998,0.322348407002917,0.16666666666666666,16.225297927856445,51.16880798339844
0.7010315706332525,0.21198280155658722,0.34585331201739167,0.3333333333333333,125.2183609008789,199.29263305664062
0.6490666950121522,0.11772971600294113,0.36239464330195587,0.375,26.55622673034668,111.21710109710693
0.2912660986185074,0.11204826831817627,0.17921783030033112,1.0,128.99795532226562,80.6978611946106
0.597088634967804,0.1446756273508072,0.33439323502827595,0.5,22.643136978149414,53.58876533508301
0.5947990529239178,0.1272634118795395,0.31655979444902876,0.25,38.00554275512695,60.75847101211548
0.6308748787268996,0.03206156566739082,0.3864603150126283,0.3333333333333333,27.507938385009766,162.38614543279013
0.6339798927307129,0.15837058424949646,0.33320951374734836,0.4,23.175920486450195,63.29278984069824
0.7390714645385742,0.5000557899475098,0.13200966600227887,0.0,52.24404525756836,91.61026153564453
0.07722070316473643,0.06992701441049576,0.006186758740720006,1.0,101.21405029296875,111.31228892008464
0.5877552479505539,0.39151278138160706,0.22204128392444294,0.5,27.016963958740234,195.13432455062866
0.4335823096334934,0.11803914606571198,0.3404226130538387,0.5,38.324180603027344,191.1768560409546
0.6297230074803034,0.08555148541927338,0.3881919141437648,0.3333333333333333,39.605255126953125,60.57253774007162
0.6750447409493583,0.29872971773147583,0.2510511358752823,0.2857142857142857,42.25141525268555,73.89101845877511
0.7161477170884609,0.04421684890985489,0.37334189951733016,0.3,47.369083404541016,340.16600875854493
0.2667936235666275,0.10214677453041077,0.16464684903621674,1.0,26.53150177001953,36.59792900085449
0.39772117882966995,0.057287588715553284,0.34043359011411667,0.5,71.81430053710938,100.15576171875
0.5120132640004158,0.2873944640159607,0.22872286433798947,0.5,36.99605178833008,78.11447715759277
0.45029642470180986,0.03043460287153721,0.38603955284699926,0.6,41.438507080078125,275.0860008239746
0.5568826422095299,0.17730292677879333,0.2995870068643901,0.5,23.85262107849121,42.87155103683472
0.2488908264786005,0.06082193925976753,0.18806888721883297,1.0,53.791568756103516,88.91484642028809
0.7636268764734269,0.2082587033510208,0.301849528328334,0.2,29.700286865234375,48.342933654785156
0.728929378092289,0.056790731847286224,0.3848349447712803,0.2857142857142857,30.94215965270996,58.938286372593474
0.2660910069942474,0.04906705394387245,0.30685134608361214,0.8,58.611698150634766,141.24151000976562
0.5684477696195245,0.0570867694914341,0.3532851745674361,0.5,110.7525863647461,283.2373285293579
0.5631219297647476,0.06569217145442963,0.3448224912300618,0.6,59.94049835205078,448.23900299072267
0.7715728155204228,0.13531747460365295,0.27669426106173545,0.14285714285714285,45.45083236694336,239.72361809866769
0.7551592224174075,0.3922271132469177,0.21039931642021828,0.2222222222222222,27.96841049194336,96.32878388298883
0.49998687021434307,0.09165533632040024,0.3637547294399496,0.5,34.150875091552734,66.4542875289917
0.7366781873362405,0.13079872727394104,0.2932633514917168,0.14285714285714285,26.442516326904297,64.99740736825126
0.6409591200451056,0.08296800404787064,0.30641543261721355,0.3333333333333333,39.08079147338867,178.99877802530924
0.5854354302088419,0.10091344267129898,0.35405153354868274,0.3333333333333333,61.74782943725586,126.01951853434245
0.771448824268121,0.11926259100437164,0.27142327726909776,0.23076923076923078,17.82428550720215,76.89785649226262
0.7374639014403025,0.2570863664150238,0.33971460717443064,0.3333333333333333,49.950294494628906,100.33365313212077
0.7483266770839692,0.4909455478191376,0.1877100086440537,0.2,34.014930725097656,143.31178092956543
0.7020166466633478,0.24529340863227844,0.2848394517986618,0.3333333333333333,34.49162292480469,101.66766293843587
0.6775612930456797,0.19184726476669312,0.2338538326507793,0.16666666666666666,18.55221176147461,46.846104303995766
0.8236054420471192,0.5318666100502014,0.17510510576951893,0.0,26.320016860961914,30.216301727294923
0.39451055725415546,0.14840438961982727,0.24259435173677762,0.6666666666666666,35.283851623535156,74.35352452596028
0.631980299949646,0.631980299949646,0.0,0.0,38.495094299316406,38.495094299316406
0.8170086828370889,0.06697391718626022,0.33555891924331926,0.16666666666666666,31.562318801879883,138.59015337626138
0.7670356184244156,0.4374397397041321,0.22751149719577474,0.25,36.307395935058594,50.08906841278076
0.8199496588536671,0.18440674245357513,0.26103662389690213,0.14285714285714285,32.16502380371094,65.23321969168526
0.8210391104221344,0.31155163049697876,0.23031181826330982,0.16666666666666666,30.37419891357422,270.47817611694336
0.8701961636543274,0.6307420134544373,0.1233251329452508,0.0,26.212947845458984,46.25049604688372
0.11654455214738846,0.08479873836040497,0.03174581378698349,1.0,37.01050567626953,38.13495445251465
0.5396331422030926,0.059258829802274704,0.3901438801495982,0.4,43.93564987182617,123.17611846923828
0.8345130383968353,0.5720058083534241,0.18346359902846754,0.0,21.01418113708496,50.56905619303385
0.6888842344284057,0.4727967381477356,0.20256069046393252,0.4,32.18306350708008,47.51120529174805
0.43734048555294674,0.1055905744433403,0.38115700617466575,0.6666666666666666,66.58845520019531,132.85427602132162
0.6339442106810483,0.11056467890739441,0.2858992450261306,0.36363636363636365,40.92626190185547,296.306887366555
0.7495738097599575,0.07486644387245178,0.34513661429379605,0.2857142857142857,14.346770286560059,31.168256078447616
0.7267354213529162,0.1483761966228485,0.30511667846665574,0.2222222222222222,23.508377075195312,54.31019941965739
0.7862416565418243,0.3362700641155243,0.23940639833732144,0.2,36.81708908081055,52.55727005004883
0.7881030607968569,0.039331477135419846,0.3350704191840518,0.16666666666666666,17.647762298583984,38.031643867492676
0.30809621047228575,0.05560794845223427,0.3725010817852766,0.75,76.92626953125,368.11911392211914
0.6339796831210455,0.062266603112220764,0.4067697765635553,0.3333333333333333,23.622211456298828,35.14290237426758
0.7800706078608831,0.2818186581134796,0.2833439736357649,0.3333333333333333,26.030458450317383,222.6080582936605
0.6650036592036486,0.150162473320961,0.31933326485476127,0.375,28.377492904663086,84.05295193195343
0.6939176512616021,0.14357112348079681,0.3422220362015956,0.42857142857142855,28.398462295532227,204.6443110874721
0.7019264797369639,0.23707613348960876,0.3286990598605772,0.3333333333333333,41.80854034423828,59.81583150227865
0.8009585916996003,0.45045754313468933,0.21057134435153854,0.2,31.23800277709961,69.14722747802735
0.6140492198367914,0.05373900383710861,0.3655448478610417,0.3333333333333333,31.152055740356445,116.24314912160237
0.2455507330596447,0.03962770476937294,0.22027666805442045,0.6666666666666666,66.3027572631836,196.9839185078939
0.516656600870192,0.0628199651837349,0.33693994066979316,0.375,101.24040222167969,294.29963207244873
0.7757549099624157,0.39117977023124695,0.2010146297189134,0.125,39.989009857177734,203.83616256713867
0.7547297298908233,0.1397865116596222,0.3119517778593327,0.2,25.28537940979004,167.48382053375244
0.4912151865661144,0.04455403611063957,0.39480524515840937,0.6,45.062992095947266,192.3600051879883
0.4314699796959758,0.061680447310209274,0.3601967710543248,0.5,89.46448516845703,125.7862195968628
0.8906490802764893,0.8291335701942444,0.06277811211416384,0.0,25.911474227905273,35.79918607076009
0.5817496657371521,0.24126020073890686,0.27801106009059895,0.4,21.670059204101562,44.117787551879886
0.4095863178372383,0.0867014080286026,0.3124845356187107,0.5,36.238704681396484,88.01872444152832
0.5017401278018951,0.07332580536603928,0.41241532918625834,0.5,40.19896697998047,83.71456527709961
0.7422171831130981,0.27734261751174927,0.2943777260592509,0.3333333333333333,31.847888946533203,45.51691961288452
0.9382056842247645,0.8441035151481628,0.046264961631977304,0.0,27.697898864746094,140.25580549240112
0.9639626443386078,0.9625664949417114,0.0013961493968963623,0.0,15.188682556152344,22.371118545532227
0.37178970873355865,0.21558219194412231,0.12010372367501888,0.75,29.249462127685547,53.212971687316895
0.23936153575778008,0.05481520667672157,0.25753312999621275,0.6666666666666666,70.05873107910156,138.62939071655273
0.8671916504700978,0.14962232112884521,0.2381563140010304,0.13333333333333333,31.06104278564453,174.18685302734374
0.2599333584308624,0.03517427295446396,0.2788106622012302,0.8,44.42036819458008,99.11026000976562
0.8419407109419504,0.21012818813323975,0.28298495080494634,0.16666666666666666,41.474788665771484,77.15689086914062
0.4494395345449448,0.040538571774959564,0.4019563637944311,0.6,55.702728271484375,82.36184921264649
0.9717802166938782,0.9598548412322998,0.006684316727527202,0.0,37.183841705322266,142.66463317871094
0.552407535413901,0.049646951258182526,0.39387732004798204,0.5,84.35747528076172,301.0396811167399
0.7006068254510561,0.05737985670566559,0.3014693344980783,0.16666666666666666,46.60707473754883,175.8355941772461
0.509737898906072,0.37040773034095764,0.10825219125937699,0.3333333333333333,30.210630416870117,55.73999913533529
0.5253472356125712,0.05626639351248741,0.4124899834041169,0.5,32.91291046142578,90.70949649810791
0.6801291505495707,0.3213539719581604,0.26556459724741927,0.3333333333333333,30.30230140686035,51.135637283325195
0.23002326157357958,0.031982410699129105,0.2063551012547307,0.8888888888888888,87.99040222167969,289.7876705593533
0.7635710552334786,0.10188080370426178,0.3085154263679081,0.2,22.66171646118164,242.34891605377197
0.8594158717564174,0.5085934996604919,0.17227721294803816,0.0,18.895658493041992,96.05246407645089
0.5931643322110176,0.14425452053546906,0.2687206698569217,0.3333333333333333,16.94894027709961,41.17646439870199
0.7339632077650591,0.20887845754623413,0.29727180045477014,0.2727272727272727,4.45988130569458,84.26669159802523
0.7523857255776724,0.2603912353515625,0.2541585595165007,0.2222222222222222,15.30500602722168,162.61761792500815
0.7246313823593987,0.07775241136550903,0.2733749472139121,0.1111111111111111,17.04829216003418,35.45248285929362
0.893117368221283,0.6195979714393616,0.13772644927252625,0.0,23.57657814025879,48.92055892944336
0.5463787466287613,0.2528131604194641,0.18645201718033103,0.25,28.98479652404785,47.001851081848145
0.7975562214851379,0.7975562214851379,0.0,0.0,30.725536346435547,30.725536346435547
0.11799724027514458,0.04322537034749985,0.0793804366851744,1.0,76.60816955566406,171.80347290039063
0.2916378453373909,0.08085506409406662,0.20350116668071966,0.8,64.74935150146484,157.7725387573242
0.8184284356733164,0.21546368300914764,0.21457800716390474,0.08333333333333333,29.860218048095703,102.64615790049235
0.7577123471668789,0.14156755805015564,0.32774694224291745,0.2857142857142857,34.78112030029297,312.2331657409668
0.6526837823912501,0.07671568542718887,0.3859009273165246,0.375,33.84157180786133,101.73874640464783
0.7166371973497527,0.08081340044736862,0.33592151907034945,0.2857142857142857,21.36771011352539,192.58332633972168
0.7075665493806204,0.3640006482601166,0.24516690844480224,0.3333333333333333,28.387479782104492,119.56192779541016
0.6826343964785337,0.04871941730380058,0.38267696314827954,0.25,64.59100341796875,111.85089325904846
0.5451135188341141,0.43793097138404846,0.10718254745006561,0.5,37.967010498046875,67.0049991607666
0.7528137601912022,0.22470326721668243,0.30743902334863127,0.25,50.6800651550293,73.23514175415039
0.34309297055006027,0.2381451576948166,0.10494781285524368,1.0,38.43550109863281,46.96368885040283
0.8613907366991043,0.27812865376472473,0.20282961801205424,0.1,32.31526565551758,78.66798934936523
0.5681050460164746,0.04540837183594704,0.3777282348635992,0.5,38.05809020996094,203.7949283917745
0.2076539546251297,0.051488734781742096,0.20777946182486115,0.75,54.97270965576172,112.20420837402344
0.4617821127176285,0.18472854793071747,0.334402806614216,0.6666666666666666,50.832027435302734,127.33231862386067
0.9045546054840088,0.7910239696502686,0.08109404118308694,0.0,19.349369049072266,31.744195302327473
0.5440753255970776,0.035615403205156326,0.34013314275209106,0.625,104.01216888427734,357.6432477235794
0.8254628896713256,0.2851754426956177,0.2705508683017332,0.2,22.415189743041992,62.5490161895752
0.6365522015839815,0.054646916687488556,0.349563585664254,0.25,73.76158142089844,159.67320728302002
0.9588731169700623,0.9036576747894287,0.029465097630065183,0.0,18.11690330505371,35.97878150939941
0.04792642965912819,0.03127112239599228,0.020123750793501205,1.0,95.0320816040039,156.91475423177084
0.8482611775398254,0.6438507437705994,0.1445605861720652,0.0,183.84048461914062,234.1281992594401
0.739943395058314,0.058877646923065186,0.3281704042913179,0.16666666666666666,34.111270904541016,54.94914944966634
0.6665165983140469,0.1673586219549179,0.3068727531893023,0.25,23.756988525390625,56.38992404937744
0.8941725329919294,0.530382513999939,0.14376219006497912,0.0,18.20693588256836,78.36542987823486
0.8727836708227793,0.6194503903388977,0.11723046889055234,0.0,29.81220054626465,77.47607898712158
0.693878459078925,0.3574713468551636,0.2457025732305693,0.2857142857142857,33.71485137939453,109.44543021065849
0.09913601912558079,0.04441099241375923,0.054725026711821556,1.0,53.4318733215332,64.59255027770996
0.8549840152263641,0.12874019145965576,0.24973397488589852,0.1,17.127403259277344,71.10635261535644
0.7492749437689781,0.11704482138156891,0.32808502865235406,0.3,18.45655059814453,97.50291929244995
0.49079248011112214,0.04455403611063957,0.395270797113839,0.6,49.09815979003906,267.16911163330076
0.848257553577423,0.43069690465927124,0.20951497905524136,0.2,33.17335891723633,98.92303695678712
0.6552161229774356,0.03939342871308327,0.36208487223595104,0.25,47.658447265625,180.5065631866455
0.9585299789905548,0.8601741790771484,0.04428163495793991,0.0,24.392963409423828,56.94975725809733
0.545286625623703,0.04587632417678833,0.36677662140809164,0.6,79.2230453491211,99.4495246887207
0.8309540390968323,0.33918309211730957,0.2464412650010754,0.2,53.43436813354492,92.37659301757813
0.8990246816114946,0.5919461250305176,0.1406237889289966,0.0,18.236799240112305,178.16186714172363
0.7201947212219239,0.23691165447235107,0.26851309612159485,0.2,18.24489974975586,37.610833930969235
0.7886796494325002,0.07137119770050049,0.32573183752736423,0.16666666666666666,43.109954833984375,93.92493438720703
0.9444565602711269,0.8101460933685303,0.060445663941198345,0.0,19.021421432495117,192.32105691092355
0.5955172963440418,0.048393987119197845,0.3193271258692103,0.3333333333333333,74.23078918457031,309.72444279988605
0.7556501924991608,0.3277696371078491,0.22523947932622876,0.2222222222222222,28.041568756103516,197.18964004516602
0.9682408188070569,0.9397214651107788,0.01014442447996002,0.0,7.1565351486206055,24.661284106118337
0.8065953433513642,0.36581334471702576,0.2272909991957991,0.2,23.732086181640625,185.9942710876465
0.6071016669273377,0.37989211082458496,0.26643292724338213,0.6,30.929553985595703,189.4918170928955
0.869190169705285,0.5397006273269653,0.15371412375140006,0.0,26.29749870300293,95.24543147616916
0.47447947122984463,0.050929781049489975,0.32189499201853145,0.4444444444444444,57.054847717285156,244.65438418918185
0.7704650819301605,0.19063732028007507,0.2914918248628939,0.2,30.77204704284668,47.53070182800293
0.8458521217107773,0.72294020652771,0.09044525611550273,0.0,30.33352279663086,57.24147701263428
0.650389609237512,0.06385617703199387,0.4148517063944869,0.3333333333333333,44.770118713378906,65.60740661621094
0.12432323147853215,0.09386306256055832,0.022643092097084882,1.0,38.381385803222656,232.76951471964517
0.25124883155028027,0.12994037568569183,0.0864232184322752,1.0,29.229616165161133,51.42946116129557
0.6724457956850529,0.10950761288404465,0.33535122432297926,0.3,25.36067771911621,115.55641613006591
0.3954700967296958,0.04392701014876366,0.33834691044835175,0.75,6.065438270568848,48.97979027032852
0.7464003761609396,0.5307996273040771,0.18429045278518563,0.0,20.785640716552734,31.358983993530273
0.39102046688397724,0.05716872960329056,0.35183581826039406,0.5,61.29032897949219,114.1590207417806
0.8368539810180664,0.5093556642532349,0.1637888469787236,0.0,20.75057601928711,94.12366739908855
0.4435262084007263,0.3349207639694214,0.10860544443130493,0.5,28.397092819213867,34.36664390563965
0.30707182362675667,0.06036605313420296,0.29682199935194703,0.8,37.420650482177734,78.43869552612304
0.7638865091970989,0.114204540848732,0.3086462481797835,0.2857142857142857,25.14727020263672,285.1985127585275
0.4770649716258049,0.058974213898181915,0.41687215360080576,0.6,36.485939025878906,206.93908081054687
0.8484537839889527,0.5878601670265198,0.14167773301089717,0.0,26.972652435302734,54.483541107177736
0.688944399356842,0.688944399356842,0.0,0.0,26.78544044494629,26.78544044494629
0.11264402605593204,0.04520270600914955,0.0674413200467825,1.0,73.85752868652344,122.46977424621582
0.5852974206209183,0.1690986156463623,0.3242661233916119,0.5,29.11513328552246,161.12415504455566
0.6057719215750694,0.23672018945217133,0.3690517321228981,0.5,59.37749481201172,111.55838775634766
0.746701089044412,0.049401260912418365,0.3101508441915071,0.2222222222222222,51.49507522583008,182.21243709988065
0.7876749734083811,0.46852877736091614,0.22592568792969786,0.3333333333333333,29.48079490661621,36.14980951944987
0.9415684342384338,0.8443235158920288,0.0440358808221875,0.0,24.343713760375977,82.64593505859375
0.9656902253627777,0.9315407276153564,0.02312177184765877,0.0,16.308334350585938,103.81164360046387
0.7764391286505593,0.1385291963815689,0.29364791417169794,0.2222222222222222,36.618690490722656,130.90169355604382
0.6021173652261496,0.0363052636384964,0.3107902304965643,0.375,43.28945541381836,88.48387277126312
0.5729400664567947,0.06743361055850983,0.4218942785029844,0.42857142857142855,24.75466537475586,94.10751397269112
0.9051933785279592,0.6988024711608887,0.08690208189814741,0.0,24.508018493652344,222.29261827468872
0.25098342448472977,0.06500713527202606,0.1859762892127037,1.0,51.752296447753906,83.49381446838379
0.8274484044975705,0.28308355808258057,0.2458088524631588,0.2222222222222222,43.53800582885742,167.79514439900717
0.5217990974585215,0.046686261892318726,0.34677517646764466,0.3333333333333333,37.06399154663086,54.09891128540039
0.652623675763607,0.37450388073921204,0.25596180834784027,0.5,54.70061492919922,323.5157051086426
0.885504982301167,0.42999783158302307,0.18789999441769253,0.14285714285714285,21.6986083984375,90.47181483677456
0.45692426711320877,0.14515437185764313,0.32148522754848663,0.75,54.726707458496094,123.06346130371094
0.7520205974578857,0.1548423171043396,0.3406428860472097,0.2857142857142857,61.382896423339844,240.76650456019811
0.4142619290699561,0.04242335259914398,0.3110322966130912,0.6666666666666666,80.96297454833984,271.4632975260417
0.5606524258852005,0.045840322971343994,0.4004230202458442,0.4,58.769283294677734,115.8660888671875
0.09733408689498901,0.03290849179029465,0.06371972751246317,1.0,128.7689666748047,256.03617731730145
0.815829370703016,0.2896841764450073,0.22489242645260388,0.14285714285714285,24.91000747680664,93.15803173610142
0.7966192040592432,0.034089136868715286,0.34631591556653896,0.2,67.3361587524414,435.7862152099609
0.5977691520865147,0.04746625944972038,0.4081144181205579,0.38461538461538464,25.44576644897461,207.6069233234112
0.8007520198822021,0.5359822511672974,0.17356377659797648,0.0,27.317169189453125,58.62666549682617
0.4560342604915301,0.07858093827962875,0.3638178073361773,0.6666666666666666,48.36897659301758,89.2531000773112
0.6111166775226593,0.06552385538816452,0.4433384313627867,0.4,58.82263946533203,140.43782272338868
0.621560662984848,0.3632580637931824,0.24446533817783384,0.4,83.58350372314453,159.16486053466798
0.5436464622616768,0.04845665395259857,0.3802790966015792,0.5,54.35962677001953,194.44451777140299
0.6256654381752014,0.15837058424949646,0.32690172858132927,0.4,23.00327491760254,63.572306060791014
0.49820996075868607,0.10178741812705994,0.3556008240539778,0.5,52.32944107055664,335.82035064697266
0.35141082741320134,0.043234530836343765,0.2644337552935868,0.7,60.255435943603516,336.91989479064944
0.364204515516758,0.0804821327328682,0.1994699373791266,0.8,38.77986145019531,97.35703125
0.6432181678712368,0.054240595549345016,0.39203780804931665,0.4,36.918338775634766,55.22330322265625
0.9035334261980924,0.6905715465545654,0.08346199931466781,0.0,31.830408096313477,107.19697033275257
0.6596913754940033,0.1028304398059845,0.3769044155712038,0.4,49.74919891357422,99.8480125427246
0.47894018249852316,0.13655871152877808,0.3196608827073346,0.7142857142857143,44.81751251220703,133.1623807634626
0.9536597927411398,0.9088148474693298,0.027235887564648946,0.0,15.082613945007324,26.22458267211914
0.7732903467757362,0.24582739174365997,0.25120370948556137,0.14285714285714285,32.548919677734375,79.0961183820452
0.8659986257553101,0.574756920337677,0.16848579857321025,0.0,26.56675148010254,30.398953914642334
0.7282277444998423,0.4510069787502289,0.21410268623393042,0.3333333333333333,27.511198043823242,96.57918357849121
0.7933426772554716,0.12826071679592133,0.3053967132161091,0.16666666666666666,32.749305725097656,217.59013493855795
0.7766999244689942,0.24125778675079346,0.2792257884714162,0.2,16.03980827331543,32.04056949615479
0.8996738314628601,0.475699782371521,0.14969672654572472,0.1,16.562097549438477,66.79383506774903
0.437844166798251,0.06816597282886505,0.36128509204934933,0.5714285714285714,60.12748336791992,384.2953327723912
0.5091448823610941,0.18605977296829224,0.24243367857565434,0.3333333333333333,40.13234329223633,84.14775466918945
0.3440141435712576,0.061582695692777634,0.28243144787847996,0.5,34.132469177246094,38.9262809753418
0.8720237016677856,0.6504892110824585,0.13100379243759172,0.0,18.517074584960938,102.98236846923828
0.4914739110640117,0.06995025277137756,0.3852064813736848,0.5714285714285714,46.77140808105469,250.4024257659912
0.7252941448241472,0.1104281023144722,0.35927531687889874,0.25,66.16401672363281,107.90849208831787
0.5373162887990475,0.19400420784950256,0.3462985821551447,0.5,51.07973098754883,114.30855941772461
0.4354608453810215,0.058438848704099655,0.44366008249083855,0.6,55.570186614990234,239.8613723754883
0.8700251380602518,0.8332548141479492,0.050090695433397434,0.0,27.421979904174805,45.86347325642904
0.5024072611704469,0.05407312884926796,0.35768429967406756,0.5,73.77340698242188,183.76215934753418
0.37801082121829194,0.05474870279431343,0.3769997651427561,0.6666666666666666,74.29354095458984,254.4218209584554
0.7693081159483303,0.14631082117557526,0.30783758436872255,0.18181818181818182,30.65944480895996,102.78920243003152
0.8964638948440552,0.5461941957473755,0.17514504533344574,0.0,19.539873123168945,265.45598526000975
0.5340084750205278,0.037889186292886734,0.40072108182460325,0.5,44.96408462524414,140.40249888102213
0.31580602284520864,0.06950921565294266,0.25594361710453123,0.875,58.027381896972656,192.03327560424805
0.43749596923589706,0.07523646950721741,0.3303407174408776,0.75,137.89199829101562,321.4666175842285
0.8801122109095255,0.6991073489189148,0.10753882163794648,0.0,25.12886619567871,218.84591992696127
0.8866313563452827,0.3833649754524231,0.183363084783713,0.1111111111111111,17.940080642700195,53.24510584937202
0.8006629906594753,0.17142614722251892,0.271787437305434,0.125,32.261478424072266,250.86019468307495
0.7273090276867151,0.12685443460941315,0.2832253433807904,0.25,17.548593521118164,135.4749255180359
0.419028843442599,0.051070719957351685,0.4035058722691872,0.6666666666666666,69.14927673339844,130.26689529418945
0.6193197630345821,0.045385222882032394,0.4227271226944925,0.4,87.87928009033203,196.38689727783202
0.7708628699183464,0.04658343642950058,0.31491850813952155,0.2222222222222222,28.582725524902344,264.38602595859106
0.5137161314487457,0.030751913785934448,0.39243713078008147,0.5,64.62122344970703,238.0603084564209
0.6480304505676031,0.05706741660833359,0.3516844480970706,0.25,49.90974044799805,105.14557933807373
0.6028671801090241,0.169455885887146,0.305053480976071,0.4,42.80964660644531,90.28103637695312
0.7466084137558937,0.11552805453538895,0.31932624382385894,0.2,25.761186599731445,147.74538650512696
0.410420760512352,0.22689011693000793,0.24963586395109413,0.6666666666666666,56.7794303894043,88.20735295613606
0.6504909790192659,0.023536084219813347,0.3811782776794654,0.3076923076923077,56.34183883666992,301.4876267359807
0.8237800635397434,0.48901572823524475,0.1832077011824167,0.125,28.094362258911133,86.81802082061768
0.8668693836246218,0.22023065388202667,0.26408710422292564,0.14285714285714285,36.6938362121582,156.30807740347726
0.9086716532707214,0.7986548542976379,0.07011792028038935,0.0,28.677167892456055,67.52983703613282
0.7668869718909264,0.24682113528251648,0.3019582203256284,0.25,30.4714298248291,29.74391794204712
0.9081484079360962,0.79820716381073,0.07025963890761386,0.0,22.171810150146484,46.68236859639486
0.8030010044574738,0.4288395941257477,0.19374418276337355,0.2,34.05714797973633,57.92621955871582
0.8151316866278648,0.3681392967700958,0.2582348495213178,0.25,32.32971954345703,56.37036848068237
0.7551056370139122,0.41105523705482483,0.20582296569014052,0.25,22.121374130249023,89.84434413909912
0.3451642630000909,0.047030940651893616,0.31338804091558886,0.6666666666666666,66.13314056396484,152.5134302775065
0.4999063660701116,0.04057689011096954,0.3785396363298211,0.5,43.29832077026367,95.69570509592693
0.5472640714475087,0.18748259544372559,0.3330505084215583,0.5714285714285714,34.85296630859375,253.7253679547991
0.5747780948877335,0.06326280534267426,0.37866537382935356,0.3333333333333333,28.315391540527344,35.63702901204427
0.294717662781477,0.049373332411050797,0.20347821414239056,0.8,19.11004066467285,47.135643768310544
0.210856007412076,0.044371191412210464,0.16648481599986553,1.0,56.60320281982422,64.07589530944824
0.6962425112724304,0.23270589113235474,0.3310758228293138,0.3333333333333333,39.21746063232422,275.13930384318036
0.5380577594041824,0.4370062053203583,0.10105155408382416,0.5,72.06517028808594,100.43646240234375
0.7601979849860072,0.1106831356883049,0.3382406887524507,0.25,25.646568298339844,99.33985948562622
0.7579403169453144,0.05287548154592514,0.33423794738921964,0.2,28.59547233581543,71.15620269775391
0.5676933942362666,0.024761950597167015,0.38004680762927007,0.4,49.276493072509766,290.149515914917
0.8231122344732285,0.1891540139913559,0.2849825907498518,0.18181818181818182,32.702213287353516,174.20313262939453
0.08138870944579442,0.04597644507884979,0.048962364685778866,1.0,215.2119903564453,317.72474670410156
0.6427455767989159,0.31953665614128113,0.2034604546373393,0.25,46.01093673706055,85.26115131378174
0.07771472881237666,0.030909553170204163,0.039466060588358116,1.0,62.26996994018555,183.8197250366211
0.4300561431381438,0.0645112469792366,0.39980322912628313,0.5555555555555556,58.73017883300781,224.36977089775934
0.322604775428772,0.20347940921783447,0.1191253662109375,1.0,37.130340576171875,56.28828430175781
0.2237782895565033,0.16526184976100922,0.04122762658800164,1.0,41.42823028564453,86.92630767822266
0.8165920153260231,0.4571976363658905,0.21335684080878603,0.25,20.634057998657227,88.63333129882812
0.455064694583416,0.06419524550437927,0.42003695474325703,0.6,85.02359771728516,138.76830673217773
0.7488516010344028,0.04346378520131111,0.35799749836014466,0.2,49.74471664428711,91.73204612731934
0.5507412105798721,0.059506312012672424,0.37300944052135493,0.4,47.265342712402344,65.71044311523437
0.6195572093129158,0.05929621309041977,0.42955874183656795,0.4,39.11251449584961,48.56640625
0.4813120258705957,0.06236328184604645,0.36216965976899107,0.5714285714285714,55.16605758666992,234.63423946925573
0.48582398891448975,0.1325474977493286,0.27722207593088327,0.5,32.34719467163086,104.61608219146729
0.49077937627832097,0.12192706018686295,0.21898938014742436,0.5,35.766719818115234,89.68298149108887
0.7190914045398434,0.041029561311006546,0.31273889227357954,0.25,70.22107696533203,296.7243700027466
0.7324174493551254,0.5789065361022949,0.15736881333296293,0.0,17.708486557006836,26.152268886566162
0.7247789174318313,0.16368629038333893,0.28505962308272365,0.2,46.041839599609375,124.21818237304687
0.5179661326110363,0.20493780076503754,0.24576097405231226,0.5,20.612152099609375,52.40905523300171
0.7055103395666394,0.27234771847724915,0.3188575556401375,0.42857142857142855,23.016456604003906,111.89027677263532
0.32797034084796906,0.02971239760518074,0.3528296079287696,0.8,44.66337585449219,140.9245376586914
0.7685413256287574,0.07284892350435257,0.34944374919099563,0.2,31.840782165527344,66.87615489959717
0.853661277464458,0.18935582041740417,0.27230048361698883,0.14285714285714285,18.996417999267578,64.86024815695626
0.5868941992521286,0.19438326358795166,0.3310499604534219,0.5,40.2662239074707,71.86815547943115
0.44939339980483056,0.02787439152598381,0.38620417617733815,0.6,36.924598693847656,260.05053024291993
0.30109185601274174,0.0378401018679142,0.28961490915280935,0.6666666666666666,32.306453704833984,53.77782885233561
0.6377572296187282,0.09966376423835754,0.3772697318730872,0.375,27.266376495361328,112.98576974868774
0.807239810625712,0.4412476420402527,0.17703320920235943,0.16666666666666666,22.13088035583496,29.124845504760742
0.42103808869918186,0.08541857451200485,0.2392624399969506,0.3333333333333333,67.4991683959961,129.47547149658203
0.6948981642723083,0.5074653625488281,0.17170842884685245,0.0,21.859790802001953,38.607218170166014
0.519271943718195,0.08072824031114578,0.4385437034070492,0.5,48.38627624511719,41.96781635284424
0.5809637121856213,0.13899753987789154,0.3065235586789662,0.25,43.25996017456055,90.53408622741699
0.5849041165784001,0.09110240638256073,0.32320393877843173,0.375,22.26885986328125,70.22533178329468
0.5570377111434937,0.17048823833465576,0.31594060210923214,0.3333333333333333,34.42422103881836,52.84319814046224
0.36682987709840137,0.04972398281097412,0.3242203458586174,0.6666666666666666,86.5332260131836,108.43003845214844
0.4252223862068994,0.08652763068675995,0.23009597413061145,0.5714285714285714,43.120880126953125,203.67238235473633
0.6933494210243225,0.2728549838066101,0.2818556542631139,0.25,31.744640350341797,47.197696685791016
0.8037335872650146,0.4368442893028259,0.17710019156125706,0.16666666666666666,38.08000183105469,222.655060450236
0.7311492264270782,0.060698121786117554,0.3539901283074532,0.3333333333333333,41.36660385131836,327.49470138549805
0.6956787088087627,0.24795953929424286,0.21884673437647706,0.14285714285714285,23.54113006591797,45.7793219430106
0.8157947191170284,0.18561449646949768,0.26449438177327406,0.14285714285714285,33.43240737915039,99.38701248168945
0.3697227817028761,0.0642886832356453,0.3650379146238065,0.75,48.26472473144531,71.384765625
0.0857574778298537,0.0383429117500782,0.05511349324487627,1.0,65.87151336669922,95.77850596110027
0.4881593018770218,0.09523643553256989,0.34715752780858916,0.5,29.900833129882812,135.75933647155762
0.6404224357434681,0.09309197962284088,0.3468192725625888,0.42857142857142855,64.59537506103516,168.6136202130999
0.9620216555065579,0.9208586812019348,0.020128491563407454,0.0,16.6243839263916,55.91448349422879
0.7167491368949414,0.060425665229558945,0.34268736397251437,0.2,134.52359008789062,318.6635177612305
0.3765356969088316,0.07613267749547958,0.21369138133546495,0.5,64.0595703125,195.37289810180664
0.6808065101504326,0.16241607069969177,0.3400464693812668,0.375,35.91307067871094,116.72237920761108
0.874668480030128,0.129715695977211,0.22135990844742656,0.07142857142857142,27.897024154663086,268.2596819741385
0.7146113766357303,0.05404959246516228,0.3827134576894707,0.25,59.714839935302734,102.03462600708008
0.6896477440992991,0.4245050847530365,0.20588232889606467,0.3333333333333333,27.466041564941406,53.10522270202637
0.244486303627491,0.09992159157991409,0.1380529759004958,1.0,40.27238845825195,87.24849395751953
0.6061560399830341,0.05671931803226471,0.33614320630196587,0.25,52.913246154785156,89.53944396972656
0.8225287397702535,0.38854819536209106,0.20443145016557024,0.16666666666666666,67.2418212890625,331.18819491068524
0.7542983055114746,0.5350273251533508,0.1446692908745114,0.0,41.97621154785156,63.33394660949707
0.9577182730038961,0.9349032044410706,0.01614302210822383,0.0,19.562870025634766,32.575565338134766
0.4497481932242711,0.18497928977012634,0.35551637162714494,0.6666666666666666,165.05023193359375,442.05190022786456
0.8797357933861869,0.7502636909484863,0.08185399076710581,0.0,18.663896560668945,103.8953162602016
0.7073379103094339,0.03923715651035309,0.2880604220524636,0.125,53.607460021972656,195.74978303909302
0.9236025876469083,0.7337523102760315,0.08868893457701052,0.0,25.0281982421875,166.43128649393717
0.6589246998940196,0.04818866401910782,0.34769149252889553,0.42857142857142855,25.64604949951172,56.43216678074428
0.8452242861191431,0.4861779510974884,0.18255330921662646,0.16666666666666666,22.60299301147461,121.66787640253703
0.7152267515659332,0.27400460839271545,0.21445823933220276,0.2,29.401302337646484,276.7681011199951
0.6679857025543848,0.1847885400056839,0.24030281757653066,0.2222222222222222,15.464456558227539,41.570382012261284
0.9045831588181582,0.20095393061637878,0.222922195699939,0.09090909090909091,39.31669616699219,216.34283620660955
0.9437743276357651,0.9170957803726196,0.019579567581140725,0.0,35.58189392089844,74.26095390319824
0.5629311810162935,0.0465434230864048,0.3813626145953448,0.36363636363636365,27.861698150634766,295.74819816242564
0.6427455767989159,0.31953665614128113,0.2034604546373393,0.25,46.01093673706055,85.26115131378174
0.32514386624097824,0.0889354795217514,0.23620838671922684,0.5,46.210426330566406,66.24272441864014
0.8243048740550876,0.08484067767858505,0.2825199972060537,0.125,39.44507598876953,192.96419191360474
0.8997786641120911,0.8352370262145996,0.04906550525087695,0.0,21.5894832611084,32.1989951133728
0.7105015814304352,0.6204174160957336,0.09008416533470154,0.0,32.66941452026367,63.6046142578125
0.9554105550050735,0.9292480945587158,0.022298163412541122,0.0,18.191272735595703,53.22061848640442
0.8560198545455933,0.7690650820732117,0.055249431957183924,0.0,28.365249633789062,64.96617412567139
0.6221388876438141,0.5869073271751404,0.035231560468673706,0.0,20.927474975585938,24.897788047790527
0.5960107392498425,0.0721408948302269,0.30738291578184235,0.2857142857142857,78.61072540283203,219.27742222377233
0.8188859224319458,0.7058150768280029,0.0928102465295698,0.0,22.76674461364746,146.9606959025065
0.5981914305261203,0.09834267944097519,0.3550175780509858,0.42857142857142855,31.610612869262695,70.36429405212402
0.1873163804411888,0.029165834188461304,0.255866167165002,0.75,56.271873474121094,194.1580843925476
0.4198321543633938,0.049927227199077606,0.43795015966819,0.6,47.9807243347168,81.4479881286621
0.5607215176735606,0.06656371057033539,0.39126443915642534,0.42857142857142855,55.541255950927734,218.5771429879325
0.8216298979062301,0.2789299190044403,0.20725607137722254,0.07692307692307693,28.58648109436035,109.89284618084247
0.7095105548699697,0.4680185914039612,0.2031234898067138,0.3333333333333333,29.487001419067383,93.52298037211101
0.7187284683951964,0.06759639084339142,0.35904814272157765,0.23076923076923078,35.31317901611328,130.62783872164212
0.7984903901815414,0.2951727509498596,0.29082639908919566,0.25,31.8949031829834,46.84283113479614
0.9221087495485941,0.8622620105743408,0.05167234084006946,0.0,24.850034713745117,40.67341105143229
0.8158727217126976,0.0345899872481823,0.26163725748486066,0.09090909090909091,38.34255599975586,174.16565218838778
0.7201349238554636,0.24448302388191223,0.3363556842446395,0.3333333333333333,28.124788284301758,80.91661071777344
0.5534833073616028,0.14374440908432007,0.260913065742584,0.25,25.100374221801758,37.35852813720703
0.6804530024528503,0.24348771572113037,0.3326749416395912,0.42857142857142855,38.0848503112793,95.71992002214704
0.5245567411184311,0.18472854793071747,0.30891189022592097,0.6666666666666666,49.42560577392578,124.10372161865234
0.7846032589673996,0.21364323794841766,0.2902067696446703,0.2,68.18709564208984,96.62756729125977
0.5040272776968777,0.05501189082860947,0.44582608269361756,0.5,38.48571014404297,222.35472774505615
0.36880857944488527,0.08961433172225952,0.23752949140294685,0.6,54.35151290893555,116.19510498046876
0.7186253547668457,0.3043471872806549,0.2905433285295514,0.4,23.021484375,103.49745864868164
0.5230717360973358,0.13053447008132935,0.39253726601600647,0.5,37.127803802490234,42.5932092666626
0.8160077134768168,0.5968685746192932,0.15175434908002203,0.0,34.97502899169922,129.18741194407144
0.6831191331148148,0.09407173097133636,0.41652361758218615,0.3333333333333333,41.944175720214844,52.650716145833336
0.6085844348583903,0.07181552797555923,0.33746789777735164,0.42857142857142855,32.40327835083008,73.26395307268415
0.98107402974909,0.9751741290092468,0.002648210775599373,0.0,10.339479446411133,44.35453154823997
0.650573468208313,0.4686471223831177,0.15558055659873776,0.2,26.866426467895508,113.44808921813964
0.7328606143593788,0.12156880646944046,0.3333116020583236,0.2,49.343727111816406,140.50520362854004
0.8124808669090271,0.3634644150733948,0.25994685036818754,0.25,33.878623962402344,41.72163963317871
